-- phpMyAdmin SQL Dump
-- version 4.0.10deb1
-- http://www.phpmyadmin.net
--
-- Host: localhost
-- Generation Time: Aug 17, 2017 at 12:52 PM
-- Server version: 5.6.33-0ubuntu0.14.04.1
-- PHP Version: 5.6.30-9+deb.sury.org~trusty+1

SET SQL_MODE = "NO_AUTO_VALUE_ON_ZERO";
SET time_zone = "+00:00";


/*!40101 SET @OLD_CHARACTER_SET_CLIENT=@@CHARACTER_SET_CLIENT */;
/*!40101 SET @OLD_CHARACTER_SET_RESULTS=@@CHARACTER_SET_RESULTS */;
/*!40101 SET @OLD_COLLATION_CONNECTION=@@COLLATION_CONNECTION */;
/*!40101 SET NAMES utf8 */;

--
-- Database: `amdocs`
--

-- --------------------------------------------------------

--
-- Table structure for table `am_crawl_log`
--

CREATE TABLE IF NOT EXISTS `am_crawl_log` (
  `id` int(10) unsigned NOT NULL AUTO_INCREMENT,
  `file_name` varchar(255) NOT NULL,
  `pdf_name` varchar(1000) NOT NULL,
  `po_number` varchar(100) NOT NULL,
  `revision` varchar(100) NOT NULL,
  `vendor` varchar(100) NOT NULL,
  `log` varchar(1000) NOT NULL,
  `date` timestamp NOT NULL DEFAULT CURRENT_TIMESTAMP,
  `uploaded_by` int(11) NOT NULL,
  `status` tinyint(1) unsigned NOT NULL DEFAULT '1' COMMENT '1->pending, 2->inprocess, 3->processed, 0=>failed',
  PRIMARY KEY (`id`)
) ENGINE=InnoDB  DEFAULT CHARSET=utf8 AUTO_INCREMENT=78 ;

--
-- Dumping data for table `am_crawl_log`
--

INSERT INTO `am_crawl_log` (`id`, `file_name`, `pdf_name`, `po_number`, `revision`, `vendor`, `log`, `date`, `uploaded_by`, `status`) VALUES
(1, '7486881c345c97061f0be6c2ac1c9fc4.pdf', 'PO2167061398 NF007 LTE 4C AMDOCS $2,455.00-Rev 1.pdf', '2167061398', '1', '4', '', '2017-08-10 20:34:31', 0, 3),
(2, '2cbd3156c98de25a9902962f4ff58970.pdf', 'PO2167070601 WV942 LTE 2C AMDOCS $3,902.00.pdf', '2167070601', '1', '4', '', '2017-08-10 20:34:31', 0, 3),
(3, '17eb2d2f452bef1cf297e72b4129b6c5.pdf', 'PO2167071111 WV835 LTE 2C AMDOCS $3,902.00.pdf', '2167071111', '1', '4', '', '2017-08-10 20:34:31', 0, 3),
(4, '7bc6ab4ff7cdbf565d60a693d80635fc.pdf', 'PO2167080300 HB871 LTE 2C AMDOCS $1,560.00.pdf', '2167080300', '1', '4', '', '2017-08-10 20:34:31', 0, 3),
(5, '9b4af86cd25f6444daa9c2056a575f68.pdf', 'PO2167080301 WV845 LTE 3C AMDOCS $2,481.00.pdf', '2167080301', '1', '4', '', '2017-08-10 20:34:32', 0, 3),
(6, 'f52c9ce945f30ae9d2762096998a31e6.pdf', 'PO2167080302 NF370 LTE 2C AMDOCS $1,560.00.pdf', '2167080302', '1', '4', '', '2017-08-10 20:34:32', 0, 3),
(7, '9c36137ecd006d7b0c92b3e9da5999f6.pdf', 'PO2167080303 RO372 LTE 2C AMDOCS $1,955.00.pdf', '2167080303', '1', '4', '', '2017-08-10 20:34:32', 0, 3),
(8, '019e205372fc38f4119fe3c85baf5996.pdf', 'PO2167061285 WV017 LTE 3C AMDOCS $2,740.00-Rev 1.pdf', '2167061285', '1', '4', '', '2017-08-10 20:34:32', 0, 3),
(9, '34f5dddf5d83b77a71eb4b2b8dea62d2.pdf', 'PO2167061391 NF276 LTE 4C AMDOCS $2,455.00-Rev 1.pdf', '2167061391', '1', '4', '', '2017-08-10 20:34:32', 0, 3),
(10, 'a1393dcd6a26482bcf9a13005c5aef49.pdf', 'AMDO-CT5176-133271-LTE4C5C.pdf', '133271', '0', '1', '', '2017-08-10 20:49:24', 0, 3),
(11, '0f12f78ea0faa418c5b61ab26567ab41.pdf', 'AMDO-MA1133-133071-LTE3C4C.pdf', '133071', '0', '1', '', '2017-08-10 20:49:24', 0, 3),
(12, '2107bab6a887354e33b09f3589663995.pdf', 'AMDO-MA1194-133049-LTE2C.pdf', '133049', '0', '1', '', '2017-08-10 20:49:24', 0, 3),
(13, '8d84ff1bec03d18575801a67c63fe12a.pdf', 'AMDO-MA1195-133050-LTE2C.pdf', '133050', '0', '1', '', '2017-08-10 20:49:25', 0, 3),
(14, '7fd4bd5c21422da1b57af5d21095df0b.pdf', 'AMDO-MA1237-133075-LTE4C5C.pdf', '133075', '0', '1', '', '2017-08-10 20:49:25', 0, 3),
(15, '898d8982b605b6206c3b4103c74fd0a9.pdf', 'AMDO-MA1313-133046-LTE2C.pdf', '133046', '0', '1', '', '2017-08-10 20:49:25', 0, 3),
(16, 'd195a1cf41a947d4b054e3aeefdf4518.pdf', 'AMDO-MA2001-133072-LTE5C.pdf', '133072', '0', '1', '', '2017-08-10 20:49:25', 0, 3),
(17, '419190626eb272ef1bdfd9a21f6f3986.pdf', 'AMDO-MA2091-133100-LTE4C.pdf', '133100', '0', '1', '', '2017-08-10 20:49:26', 0, 3),
(18, 'f3a27efe0eeeef4a76a5f1e7bbdefc39.pdf', 'AMDO-MA2160-133070-LTE5C.pdf', '133070', '0', '1', '', '2017-08-10 20:49:26', 0, 3),
(19, 'edc82649984791a20a436e6e04c2ab81.pdf', 'AMDO-MA3366-133045-LTE2C.pdf', '133045', '0', '1', '', '2017-08-10 20:49:26', 0, 3),
(20, 'd50981aea57d200b45b8e0798ff2c144.pdf', 'AMDO-MA3429-133065-1-LTE2C.pdf', '133065', '1', '1', '', '2017-08-10 20:49:27', 0, 3),
(21, '92c6b162a994c719777d1c10c0ef7adc.pdf', 'AMDO-MA4077-133073-LTE4C.pdf', '133073', '0', '1', '', '2017-08-10 20:49:27', 0, 3),
(22, '6639007b9cd4bc64176ec8944db2b899.pdf', 'AMDO-MA5215-133074-LTE5C6C.pdf', '133074', '0', '1', '', '2017-08-10 20:49:27', 0, 3),
(23, '17387ce311aa91da0d2fdf4488cacb0c.pdf', 'AMDO-RI4187-133236-LTE3C4C.pdf', '133236', '0', '1', '', '2017-08-10 20:49:27', 0, 3),
(24, '7ed7ad2c2f819eb9bf68ba5ebc0f4de6.pdf', '129076.4469.8056_Rev.1.pdf', '129076.4469.8056', '1', '6', '', '2017-08-10 20:59:56', 0, 3),
(25, '8d9fe6a47ba95bbc0302010a3b85b963.pdf', '129076.4469.8057 Rev. 1.pdf', '129076.4469.8057', '1', '6', '', '2017-08-10 20:59:56', 0, 3),
(26, '015601352f3d03475217b810cf9b495e.pdf', '129076.4469.8059 Rev. 1.pdf', '129076.4469.8059', '1', '6', '', '2017-08-10 20:59:56', 0, 3),
(27, '31e8962660665bcfc74978d04cd5d499.pdf', '129076.4469.8060 Rev. 1.pdf', '129076.4469.8060', '1', '6', '', '2017-08-10 20:59:56', 0, 3),
(28, '3c4d6854254c53268426f5aa961b85e7.pdf', '129076.4469.8060_Rev.1.pdf', '129076.4469.8060', '1', '6', '', '2017-08-10 20:59:56', 0, 3),
(29, 'f099e8e9fe230e1864b7321fcecaa663.pdf', '129076.4469.8061 Rev. 0.pdf', '129076.4469.8061', '0', '6', '', '2017-08-10 20:59:57', 0, 3),
(30, 'a04a44ff31965cb87e957647451eb2ce.pdf', '129076.4469.8078_Rev.0.pdf', '129076.4469.8078', '0', '6', '', '2017-08-10 20:59:57', 0, 3),
(31, 'f7188fb507f6d92208510c31821e3d67.pdf', '129076.4469.8080 Rev. 0.pdf', '129076.4469.8080', '0', '6', '', '2017-08-10 20:59:57', 0, 3),
(32, '423899b12d4526021055651a7c6a4fa2.pdf', '129076.4469.8089_Rev.0.pdf', '129076.4469.8089', '0', '6', '', '2017-08-10 20:59:57', 0, 3),
(33, '5322d9b3b2e4372588b2897c719b197a.pdf', '129076.4469.8090_Rev.0.pdf', '129076.4469.8090', '0', '6', '', '2017-08-10 20:59:57', 0, 3),
(34, 'd8e0c9ba487782e76c04461c9a711a58.pdf', '129076.4469.8091 Rev. 0.pdf', '129076.4469.8091', '0', '6', '', '2017-08-10 20:59:57', 0, 3),
(35, '8236ab9a0a1e43beef7be13649ecf19d.pdf', '129076.4469.8092_Rev.0.pdf', '129076.4469.8092', '0', '6', '', '2017-08-10 20:59:57', 0, 3),
(36, '33994d8477fafec83ff076494034751f.pdf', '129076.4469.8093 Rev. 0.pdf', '129076.4469.8093', '0', '6', '', '2017-08-10 20:59:57', 0, 3),
(37, 'f37e803f0fe469a5ce8ea9de82f26785.pdf', '129076.4469.8095_Rev.0.pdf', '129076.4469.8095', '0', '6', '', '2017-08-10 20:59:57', 0, 3),
(38, '9e972f5e6e6829cb6c987655a063e325.pdf', '129076.4469.8096_Rev.0.pdf', '129076.4469.8096', '0', '6', '', '2017-08-10 20:59:57', 0, 3),
(39, 'd6467c44593db22fcbe9a4cf57e7baef.pdf', '129076.4469.8098_Rev.0.pdf', '129076.4469.8098', '0', '6', '', '2017-08-10 20:59:58', 0, 3),
(40, 'e5765af121d4529646ee554c7099f290.pdf', 'CV305 LTE 4C - PO2167061399  AMDOCS $2,060.00.pdf', '2167061399', '0', '4', '', '2017-08-10 21:09:18', 0, 3),
(41, '9251551bccbc3ca640b52e3167c584bf.pdf', 'CV320 LTE 3C - PO2167061264 AMDOCS $2,060.00.pdf', '2167061264', '0', '4', '', '2017-08-10 21:09:19', 0, 3),
(42, '408b0891e811e33d4ec74a20ae8054e3.pdf', 'DA080 LTE 3C - PO2167061265 AMDOCS $2,060.00.pdf', '2167061265', '0', '4', '', '2017-08-10 21:09:19', 0, 3),
(43, '07291561f9c43403665ee61d2376b392.pdf', 'HB858 LTE 3C - PO2167061266 AMDOCS $2,060.00.pdf', '2167061266', '0', '4', '', '2017-08-10 21:09:19', 0, 3),
(44, '83d7746e5e144be54e8c82fd66bf517d.pdf', 'HB877 LTE 2C - PO2167061417 AMDOCS $2,981.00.pdf', '2167061417', '0', '4', '', '2017-08-10 21:09:19', 0, 3),
(45, '228a681228e4930b03a8cb63960ea919.pdf', 'NF002 LTE 3C - PO2167061267 AMDOCS $2,060.00.pdf', '2167061267', '0', '4', '', '2017-08-10 21:09:19', 0, 3),
(46, '4e572837b90dbf0e8c94d2ff44ea5da8.pdf', 'NF007 LTE 4C - PO2167061398  AMDOCS $2,060.00.pdf', '', '', '4', '', '2017-08-10 21:09:19', 0, 2),
(47, 'c67b97758b5ab8e18ded4258a0829021.pdf', 'NF018 LTE 3C - PO2167061268 AMDOCS $2,060.00.pdf', '2167061268', '0', '4', '', '2017-08-10 21:09:20', 0, 3),
(48, '19f75858be232403b39240661b0a7302.pdf', 'NF023 LTE 3C - PO2167061269 AMDOCS $2,060.00.pdf', '2167061269', '0', '4', '', '2017-08-10 21:09:20', 0, 3),
(49, '4f822a67d1bb83ebe8f1b40517c2df42.pdf', 'NF038 LTE 3C - PO2167061270 AMDOCS $2,060.00.pdf', '2167061270', '0', '4', '', '2017-08-10 21:09:20', 0, 3),
(50, '358e769712c25fd169e28b5e08923864.pdf', 'NF055 LTE 4C - PO2167061397  AMDOCS $2,060.00.pdf', '2167061397', '0', '4', '', '2017-08-10 21:09:20', 0, 3),
(51, '6f6e1e2f537969407b4134647ab7ff1e.pdf', 'NF056 LTE 4C - PO2167061396  AMDOCS $2,060.00.pdf', '2167061396', '0', '4', '', '2017-08-10 21:09:20', 0, 3),
(52, '4787db595bafb0d29a245487afd33660.pdf', 'NF060 LTE 3C - PO2167061271 AMDOCS $2,060.00.pdf', '2167061271', '0', '4', '', '2017-08-10 21:09:20', 0, 3),
(53, '92dce74dd6cecafbf6f542861ac3f833.pdf', 'NF082 LTE 3C - PO2167061272 AMDOCS $2,060.00.pdf', '2167061272', '0', '4', '', '2017-08-10 21:09:21', 0, 3),
(54, '3ba737b7cdb9d3d05c3b8ebd2ea1e6b5.pdf', 'NF091 LTE 4C - PO2167061395  AMDOCS $2,060.00.pdf', '2167061395', '0', '4', '', '2017-08-10 21:09:21', 0, 3),
(55, '3ea8fd630631e0ad6224918ccdb54c8c.pdf', 'NF095 LTE 4C - PO2167061394  AMDOCS $2,060.00.pdf', '2167061394', '0', '4', '', '2017-08-10 21:09:21', 0, 3),
(56, '84626993e6998b895c2877abe9c4a059.pdf', 'NF109 LTE 2C - PO2167061418 AMDOCS $2,981.00.pdf', '2167061418', '0', '4', '', '2017-08-10 21:09:21', 0, 3),
(57, '903e77b825b763c14b55238eec73114f.pdf', 'NF126 LTE 4C - PO2167061393  AMDOCS $2,060.00.pdf', '2167061393', '0', '4', '', '2017-08-10 21:09:21', 0, 3),
(58, 'dde4de67e58711541f88a8eb90cd7a65.pdf', 'PO_123_923581_1_US.pdf', '923581', '1', '5', '', '2017-08-10 21:12:40', 0, 3),
(59, 'aa5c61ab85bc84d18d729b95c563229f.pdf', 'PO_123_943290_0_US.pdf', '943290', '0', '5', '', '2017-08-10 21:12:40', 0, 3),
(60, 'a805e079427966cc81b35d0c95465df8.pdf', 'PO_123_946186_0_US.pdf', '946186', '0', '5', '', '2017-08-10 21:12:40', 0, 3),
(61, '02dbdd1687f65e9f31e8ba94846a82a7.pdf', 'PO_123_946239_0_US.pdf', '946239', '0', '5', '', '2017-08-10 21:12:40', 0, 3),
(62, 'c785cfc4d4d5c44167f4f8bde7aa9b12.pdf', 'PO_123_946355_0_US.pdf', '946355', '0', '5', '', '2017-08-10 21:12:40', 0, 3),
(63, '810ba17476777a1b4bd6aa3165a59073.pdf', 'PO_123_951612_0_US.pdf', '951612', '0', '5', '', '2017-08-10 21:12:40', 0, 3),
(64, '3032c955cf44c156fd5a367d3e4a69ef.pdf', 'PO_123_951669_0_US.pdf', '951669', '0', '5', '', '2017-08-10 21:12:41', 0, 3),
(65, '33fa4b454840b21fd5c9bc81d2394b54.pdf', 'PO_123_951898_0_US.pdf', '951898', '0', '5', '', '2017-08-10 21:12:41', 0, 3),
(66, '7cac2283e2305ffbf1e50c133a301f49.pdf', 'PO_123_952287_0_US.pdf', '952287', '0', '5', '', '2017-08-10 21:12:41', 0, 3),
(67, 'f8f48ea231ed6566b4251e948f6b7fe2.pdf', 'PO_123_953284_0_US.pdf', '953284', '0', '5', '', '2017-08-10 21:12:41', 0, 3),
(68, '7bc6a1a687b9b74679210d86adb21095.pdf', 'PO_123_953802_0_US.pdf', '953802', '0', '5', '', '2017-08-10 21:12:41', 0, 3),
(69, 'ce0ec843158e4acf81ab5026f31866c9.pdf', 'PO_123_954006_0_US.pdf', '954006', '0', '5', '', '2017-08-10 21:12:41', 0, 3),
(70, '5ff9173cefbcb705899464bccffa405e.pdf', 'PO_123_957845_0_US.pdf', '957845', '0', '5', '', '2017-08-10 21:12:41', 0, 3),
(71, '8c0b50bb6ad5315f0e28e061a448ac4d.pdf', 'PO_123_957913_0_US.pdf', '957913', '0', '5', '', '2017-08-10 21:12:41', 0, 3),
(72, 'd306e189226a4137ea7c9a2c2bd3eb51.pdf', 'PO_123_962145_0_US.pdf', '962145', '0', '5', '', '2017-08-10 21:12:41', 0, 3),
(73, '4f0cb2c3756eeed7eccf6138cb2f4433.pdf', 'PO_123_962194_0_US.pdf', '962194', '0', '5', '', '2017-08-10 21:12:41', 0, 3),
(74, 'ee8f78d358bd8c9e6c3f24112e8aa4b0.pdf', 'PO_123_962207_0_US.pdf', '962207', '0', '5', '', '2017-08-10 21:12:42', 0, 3),
(75, '7b182e0f0fcc7cf608338a2843fa28a9.pdf', 'PO_123_962357_0_US.pdf', '962357', '0', '5', '', '2017-08-10 21:12:42', 0, 3),
(76, 'e4a77d41d4f1294739abac381d855182.pdf', 'PO_123_962357_1_US.pdf', '962357', '1', '5', '', '2017-08-10 21:12:42', 0, 3),
(77, '583b46c8f10b59a8f6f61e0cf9773b50.pdf', 'PO_123_962608_0_US.pdf', '962608', '0', '5', '', '2017-08-10 21:12:42', 0, 3);

-- --------------------------------------------------------

--
-- Table structure for table `am_file_upload_map`
--

CREATE TABLE IF NOT EXISTS `am_file_upload_map` (
  `upload_id` int(10) unsigned NOT NULL,
  `file_name` varchar(255) NOT NULL,
  `status` tinyint(1) NOT NULL COMMENT '0=>error,1=>uploaded, 2=>duplicate',
  `uploaded_at` timestamp NOT NULL DEFAULT CURRENT_TIMESTAMP,
  `uploaded_by` int(11) NOT NULL
) ENGINE=InnoDB DEFAULT CHARSET=utf8;

--
-- Dumping data for table `am_file_upload_map`
--

INSERT INTO `am_file_upload_map` (`upload_id`, `file_name`, `status`, `uploaded_at`, `uploaded_by`) VALUES
(1, 'PO2167061398 NF007 LTE 4C AMDOCS $2,455.00-Rev 1.pdf', 1, '2017-08-11 10:32:24', 0),
(1, 'PO2167070601 WV942 LTE 2C AMDOCS $3,902.00.pdf', 1, '2017-08-11 10:32:24', 0),
(1, 'PO2167071111 WV835 LTE 2C AMDOCS $3,902.00.pdf', 1, '2017-08-11 10:32:24', 0),
(1, 'PO2167080300 HB871 LTE 2C AMDOCS $1,560.00.pdf', 1, '2017-08-11 10:32:24', 0),
(1, 'PO2167080301 WV845 LTE 3C AMDOCS $2,481.00.pdf', 1, '2017-08-11 10:32:24', 0),
(1, 'PO2167080302 NF370 LTE 2C AMDOCS $1,560.00.pdf', 1, '2017-08-11 10:32:24', 0),
(1, 'PO2167080303 RO372 LTE 2C AMDOCS $1,955.00.pdf', 1, '2017-08-11 10:32:24', 0),
(1, 'PO2167061285 WV017 LTE 3C AMDOCS $2,740.00-Rev 1.pdf', 1, '2017-08-11 10:32:24', 0),
(1, 'PO2167061391 NF276 LTE 4C AMDOCS $2,455.00-Rev 1.pdf', 1, '2017-08-11 10:32:24', 0),
(2, 'AMDO-CT5176-133271-LTE4C5C.pdf', 1, '2017-08-11 10:32:24', 0),
(2, 'AMDO-MA1133-133071-LTE3C4C.pdf', 1, '2017-08-11 10:32:24', 0),
(2, 'AMDO-MA1194-133049-LTE2C.pdf', 1, '2017-08-11 10:32:24', 0),
(2, 'AMDO-MA1195-133050-LTE2C.pdf', 1, '2017-08-11 10:32:24', 0),
(2, 'AMDO-MA1237-133075-LTE4C5C.pdf', 1, '2017-08-11 10:32:24', 0),
(2, 'AMDO-MA1313-133046-LTE2C.pdf', 1, '2017-08-11 10:32:24', 0),
(2, 'AMDO-MA2001-133072-LTE5C.pdf', 1, '2017-08-11 10:32:24', 0),
(2, 'AMDO-MA2091-133100-LTE4C.pdf', 1, '2017-08-11 10:32:24', 0),
(2, 'AMDO-MA2160-133070-LTE5C.pdf', 1, '2017-08-11 10:32:24', 0),
(2, 'AMDO-MA3366-133045-LTE2C.pdf', 1, '2017-08-11 10:32:24', 0),
(2, 'AMDO-MA3429-133065-1-LTE2C.pdf', 1, '2017-08-11 10:32:24', 0),
(2, 'AMDO-MA4077-133073-LTE4C.pdf', 1, '2017-08-11 10:32:24', 0),
(2, 'AMDO-MA5215-133074-LTE5C6C.pdf', 1, '2017-08-11 10:32:24', 0),
(2, 'AMDO-RI4187-133236-LTE3C4C.pdf', 1, '2017-08-11 10:32:24', 0),
(3, '129076.4469.8056_Rev.1.pdf', 1, '2017-08-11 10:32:24', 0),
(3, '129076.4469.8057 Rev. 1.pdf', 1, '2017-08-11 10:32:24', 0),
(3, '129076.4469.8059 Rev. 1.pdf', 1, '2017-08-11 10:32:24', 0),
(3, '129076.4469.8060 Rev. 1.pdf', 1, '2017-08-11 10:32:24', 0),
(3, '129076.4469.8060_Rev.1.pdf', 1, '2017-08-11 10:32:24', 0),
(3, '129076.4469.8061 Rev. 0.pdf', 1, '2017-08-11 10:32:24', 0),
(3, '129076.4469.8078_Rev.0.pdf', 1, '2017-08-11 10:32:24', 0),
(3, '129076.4469.8080 Rev. 0.pdf', 1, '2017-08-11 10:32:24', 0),
(3, '129076.4469.8089_Rev.0.pdf', 1, '2017-08-11 10:32:24', 0),
(3, '129076.4469.8090_Rev.0.pdf', 1, '2017-08-11 10:32:24', 0),
(3, '129076.4469.8091 Rev. 0.pdf', 1, '2017-08-11 10:32:24', 0),
(3, '129076.4469.8092_Rev.0.pdf', 1, '2017-08-11 10:32:24', 0),
(3, '129076.4469.8093 Rev. 0.pdf', 1, '2017-08-11 10:32:24', 0),
(3, '129076.4469.8095_Rev.0.pdf', 1, '2017-08-11 10:32:24', 0),
(3, '129076.4469.8096_Rev.0.pdf', 1, '2017-08-11 10:32:24', 0),
(3, '129076.4469.8098_Rev.0.pdf', 1, '2017-08-11 10:32:24', 0),
(4, 'CV305 LTE 4C - PO2167061399  AMDOCS $2,060.00.pdf', 1, '2017-08-11 10:32:24', 0),
(4, 'CV320 LTE 3C - PO2167061264 AMDOCS $2,060.00.pdf', 1, '2017-08-11 10:32:24', 0),
(4, 'DA080 LTE 3C - PO2167061265 AMDOCS $2,060.00.pdf', 1, '2017-08-11 10:32:24', 0),
(4, 'HB858 LTE 3C - PO2167061266 AMDOCS $2,060.00.pdf', 1, '2017-08-11 10:32:24', 0),
(4, 'HB877 LTE 2C - PO2167061417 AMDOCS $2,981.00.pdf', 1, '2017-08-11 10:32:24', 0),
(4, 'NF002 LTE 3C - PO2167061267 AMDOCS $2,060.00.pdf', 1, '2017-08-11 10:32:24', 0),
(4, 'NF007 LTE 4C - PO2167061398  AMDOCS $2,060.00.pdf', 2, '2017-08-11 10:32:24', 0),
(4, 'NF018 LTE 3C - PO2167061268 AMDOCS $2,060.00.pdf', 1, '2017-08-11 10:32:24', 0),
(4, 'NF023 LTE 3C - PO2167061269 AMDOCS $2,060.00.pdf', 1, '2017-08-11 10:32:24', 0),
(4, 'NF038 LTE 3C - PO2167061270 AMDOCS $2,060.00.pdf', 1, '2017-08-11 10:32:24', 0),
(4, 'NF055 LTE 4C - PO2167061397  AMDOCS $2,060.00.pdf', 1, '2017-08-11 10:32:24', 0),
(4, 'NF056 LTE 4C - PO2167061396  AMDOCS $2,060.00.pdf', 1, '2017-08-11 10:32:24', 0),
(4, 'NF060 LTE 3C - PO2167061271 AMDOCS $2,060.00.pdf', 1, '2017-08-11 10:32:24', 0),
(4, 'NF082 LTE 3C - PO2167061272 AMDOCS $2,060.00.pdf', 1, '2017-08-11 10:32:24', 0),
(4, 'NF091 LTE 4C - PO2167061395  AMDOCS $2,060.00.pdf', 1, '2017-08-11 10:32:24', 0),
(4, 'NF095 LTE 4C - PO2167061394  AMDOCS $2,060.00.pdf', 1, '2017-08-11 10:32:24', 0),
(4, 'NF109 LTE 2C - PO2167061418 AMDOCS $2,981.00.pdf', 1, '2017-08-11 10:32:24', 0),
(4, 'NF126 LTE 4C - PO2167061393  AMDOCS $2,060.00.pdf', 1, '2017-08-11 10:32:24', 0),
(5, 'PO_123_923581_1_US.pdf', 1, '2017-08-11 10:32:24', 0),
(5, 'PO_123_943290_0_US.pdf', 1, '2017-08-11 10:32:24', 0),
(5, 'PO_123_946186_0_US.pdf', 1, '2017-08-11 10:32:24', 0),
(5, 'PO_123_946239_0_US.pdf', 1, '2017-08-11 10:32:24', 0),
(5, 'PO_123_946355_0_US.pdf', 1, '2017-08-11 10:32:24', 0),
(5, 'PO_123_951612_0_US.pdf', 1, '2017-08-11 10:32:24', 0),
(5, 'PO_123_951669_0_US.pdf', 1, '2017-08-11 10:32:24', 0),
(5, 'PO_123_951898_0_US.pdf', 1, '2017-08-11 10:32:24', 0),
(5, 'PO_123_952287_0_US.pdf', 1, '2017-08-11 10:32:24', 0),
(5, 'PO_123_953284_0_US.pdf', 1, '2017-08-11 10:32:24', 0),
(5, 'PO_123_953802_0_US.pdf', 1, '2017-08-11 10:32:24', 0),
(5, 'PO_123_954006_0_US.pdf', 1, '2017-08-11 10:32:24', 0),
(5, 'PO_123_957845_0_US.pdf', 1, '2017-08-11 10:32:24', 0),
(5, 'PO_123_957913_0_US.pdf', 1, '2017-08-11 10:32:24', 0),
(5, 'PO_123_962145_0_US.pdf', 1, '2017-08-11 10:32:24', 0),
(5, 'PO_123_962194_0_US.pdf', 1, '2017-08-11 10:32:24', 0),
(5, 'PO_123_962207_0_US.pdf', 1, '2017-08-11 10:32:24', 0),
(5, 'PO_123_962357_0_US.pdf', 1, '2017-08-11 10:32:24', 0),
(5, 'PO_123_962357_1_US.pdf', 1, '2017-08-11 10:32:24', 0),
(5, 'PO_123_962608_0_US.pdf', 1, '2017-08-11 10:32:24', 0);

-- --------------------------------------------------------

--
-- Table structure for table `am_invoice`
--

CREATE TABLE IF NOT EXISTS `am_invoice` (
  `invoice_id` int(11) NOT NULL AUTO_INCREMENT,
  `invoice_number` varchar(255) DEFAULT NULL,
  `po_number` varchar(100) NOT NULL,
  `invoice_date` date NOT NULL,
  `invoice_due_date` date NOT NULL,
  `created_time` timestamp NOT NULL DEFAULT '0000-00-00 00:00:00' ON UPDATE CURRENT_TIMESTAMP,
  `created_by` int(11) NOT NULL,
  `vendor_id` int(11) NOT NULL,
  `region_id` int(11) NOT NULL,
  `market_id` int(11) NOT NULL,
  `amount` float(10,2) NOT NULL,
  `invoice_status` tinyint(3) unsigned NOT NULL DEFAULT '1' COMMENT '0->inactive 1->active',
  PRIMARY KEY (`invoice_id`),
  UNIQUE KEY `invoice_number` (`invoice_number`)
) ENGINE=InnoDB  DEFAULT CHARSET=utf8 AUTO_INCREMENT=42 ;

--
-- Dumping data for table `am_invoice`
--

INSERT INTO `am_invoice` (`invoice_id`, `invoice_number`, `po_number`, `invoice_date`, `invoice_due_date`, `created_time`, `created_by`, `vendor_id`, `region_id`, `market_id`, `amount`, `invoice_status`) VALUES
(1, '8170001', '2167061285', '2017-08-10', '2017-10-09', '2017-08-10 20:37:11', 0, 4, 10, 22, 1845.00, 0),
(2, '8170002', '2167061391', '2017-08-10', '2017-10-09', '2017-08-10 20:35:43', 0, 4, 10, 22, 2455.00, 1),
(3, '8170003', '2167061398', '2017-08-10', '2017-10-09', '2017-08-10 20:35:43', 0, 4, 10, 22, 2455.00, 1),
(4, '8170004', '2167070601', '2017-08-10', '2017-10-09', '2017-08-10 20:35:43', 0, 4, 10, 22, 3902.00, 1),
(5, '8170005', '2167071111', '2017-08-10', '2017-10-09', '2017-08-10 20:35:43', 0, 4, 10, 22, 3902.00, 1),
(6, '8170006', '2167080300', '2017-08-10', '2017-10-09', '2017-08-10 20:35:43', 0, 4, 10, 22, 1560.00, 1),
(7, '8170007', '133049', '2017-08-23', '2017-10-22', '2017-08-10 20:52:24', 0, 1, 10, 21, 1275.00, 1),
(8, '8170008', '133050', '2017-08-23', '2017-10-22', '2017-08-10 20:57:30', 0, 1, 10, 21, 1698.00, 0),
(9, '8170009', '133065', '2017-08-23', '2017-10-22', '2017-08-10 20:52:24', 0, 1, 10, 21, 1698.00, 1),
(10, '8170010', '133070', '2017-08-23', '2017-10-22', '2017-08-10 20:52:24', 0, 1, 10, 21, 1957.00, 1),
(11, '8170011', '133071', '2017-08-23', '2017-10-22', '2017-08-10 20:52:24', 0, 1, 10, 21, 1957.00, 1),
(12, '8170012', '133072', '2017-08-23', '2017-10-22', '2017-08-10 20:52:24', 0, 1, 10, 21, 1957.00, 1),
(13, '8170013', '133073', '2017-08-23', '2017-10-22', '2017-08-10 20:52:24', 0, 1, 10, 21, 1438.00, 1),
(14, '8170014', '129076.4469.8056', '2017-08-10', '2017-10-09', '2017-08-10 21:02:24', 0, 6, 8, 19, 1642.00, 1),
(15, '8170015', '129076.4469.8057', '2017-08-10', '2017-10-09', '2017-08-10 21:02:24', 0, 6, 8, 19, 1999.00, 1),
(16, '8170016', '129076.4469.8059', '2017-08-10', '2017-10-09', '2017-08-10 21:02:24', 0, 6, 8, 19, 1885.00, 1),
(17, '8170017', '129076.4469.8060', '2017-08-10', '2017-10-09', '2017-08-10 21:02:24', 0, 6, 8, 19, 622.00, 1),
(18, '8170018', '129076.4469.8061', '2017-08-10', '2017-10-09', '2017-08-10 21:02:24', 0, 6, 8, 19, 1285.00, 1),
(19, '8170019', '129076.4469.8078', '2017-08-10', '2017-10-09', '2017-08-10 21:02:24', 0, 6, 8, 19, 1779.00, 1),
(20, '8170020', '129076.4469.8080', '2017-08-10', '2017-10-09', '2017-08-10 21:02:24', 0, 6, 8, 19, 1520.00, 1),
(21, '8170021', '129076.4469.8089', '2017-08-10', '2017-10-09', '2017-08-10 21:02:24', 0, 6, 8, 19, 1579.00, 1),
(22, '8170022', '129076.4469.8090', '2017-08-10', '2017-10-09', '2017-08-10 21:02:24', 0, 6, 8, 19, 1679.00, 1),
(23, '8170023', '129076.4469.8091', '2017-08-10', '2017-10-09', '2017-08-10 21:02:24', 0, 6, 8, 19, 1885.00, 1),
(24, '8170024', '129076.4469.8092', '2017-08-10', '2017-10-09', '2017-08-10 21:02:24', 0, 6, 8, 19, 2379.00, 1),
(25, '8170025', '129076.4469.8093', '2017-08-10', '2017-10-09', '2017-08-10 21:02:24', 0, 6, 8, 19, 957.00, 1),
(26, '8170026', '2167061264', '2017-08-10', '2017-10-09', '2017-08-10 21:10:26', 0, 4, 10, 22, 785.00, 1),
(27, '8170027', '2167061265', '2017-08-10', '2017-10-09', '2017-08-10 21:10:26', 0, 4, 10, 22, 2060.00, 1),
(28, '8170028', '2167061266', '2017-08-10', '2017-10-09', '2017-08-10 21:10:26', 0, 4, 10, 22, 2060.00, 1),
(29, '8170029', '2167061267', '2017-08-10', '2017-10-09', '2017-08-10 21:10:26', 0, 4, 10, 22, 2060.00, 1),
(30, '8170030', '2167061268', '2017-08-10', '2017-10-09', '2017-08-10 21:10:26', 0, 4, 10, 22, 2060.00, 1),
(31, '8170031', '2167061269', '2017-08-10', '2017-10-09', '2017-08-10 21:10:26', 0, 4, 10, 22, 2060.00, 1),
(32, '8170032', '2167061270', '2017-08-10', '2017-10-09', '2017-08-10 21:10:26', 0, 4, 10, 22, 2060.00, 1),
(33, '8170033', '2167061271', '2017-08-10', '2017-10-09', '2017-08-10 21:10:26', 0, 4, 10, 22, 2060.00, 1),
(34, '8170034', '2167061272', '2017-08-10', '2017-10-09', '2017-08-10 21:10:26', 0, 4, 10, 22, 2060.00, 1),
(35, '8170035', '2167061285', '2017-08-10', '2017-10-09', '2017-08-10 21:10:26', 0, 4, 10, 22, 2740.00, 1),
(36, '8170036', '2167061393', '2017-08-10', '2017-10-09', '2017-08-10 21:10:26', 0, 4, 10, 22, 2060.00, 1),
(37, '8170037', '923581', '2017-08-11', '2017-10-10', '2017-08-10 21:14:02', 0, 5, 6, 8, 2786.18, 1),
(38, '8170038', '943290', '2017-08-11', '2017-10-10', '2017-08-10 21:14:02', 0, 5, 6, 8, 2785.18, 1),
(39, '8170039', '946186', '2017-08-11', '2017-10-10', '2017-08-10 21:14:02', 0, 5, 6, 8, 7421.60, 1),
(40, '8170040', '946239', '2017-08-11', '2017-10-10', '2017-08-10 21:14:02', 0, 5, 6, 8, 3386.68, 1),
(41, '8170041', '946355', '2017-08-11', '2017-10-10', '2017-08-10 21:14:02', 0, 5, 6, 8, 1457.18, 1);

-- --------------------------------------------------------

--
-- Table structure for table `am_market`
--

CREATE TABLE IF NOT EXISTS `am_market` (
  `id` int(10) unsigned NOT NULL AUTO_INCREMENT,
  `region_id` int(10) unsigned NOT NULL,
  `name` varchar(255) NOT NULL,
  `slug` varchar(5) NOT NULL,
  PRIMARY KEY (`id`)
) ENGINE=InnoDB  DEFAULT CHARSET=utf8 AUTO_INCREMENT=23 ;

--
-- Dumping data for table `am_market`
--

INSERT INTO `am_market` (`id`, `region_id`, `name`, `slug`) VALUES
(6, 6, 'Alabama', ''),
(7, 6, 'Puerto Rico', ''),
(8, 6, 'Mississippi', ''),
(9, 6, 'Louisiana', ''),
(10, 6, 'TNKY', ''),
(11, 6, 'Florida', ''),
(12, 6, 'Carolinas (Scripting)', ''),
(13, 7, 'ILWI', ''),
(14, 7, 'South Texas', ''),
(15, 7, 'ARK OK', ''),
(16, 8, 'Alaska', ''),
(17, 8, 'San Diego', ''),
(18, 8, 'Seattle', ''),
(19, 8, 'AZNM', ''),
(20, 9, 'Los Angeles', ''),
(21, 10, 'Boston', ''),
(22, 10, 'VAWV', '');

-- --------------------------------------------------------

--
-- Table structure for table `am_order_log`
--

CREATE TABLE IF NOT EXISTS `am_order_log` (
  `order_id` int(5) NOT NULL AUTO_INCREMENT,
  `po_number` varchar(100) NOT NULL,
  `revision` int(5) NOT NULL,
  `vendor` varchar(100) NOT NULL,
  `file_name` varchar(255) NOT NULL,
  `pdf_name` varchar(1000) NOT NULL,
  PRIMARY KEY (`order_id`)
) ENGINE=InnoDB  DEFAULT CHARSET=utf8 AUTO_INCREMENT=75 ;

--
-- Dumping data for table `am_order_log`
--

INSERT INTO `am_order_log` (`order_id`, `po_number`, `revision`, `vendor`, `file_name`, `pdf_name`) VALUES
(1, '2167061398', 1, '4', '7486881c345c97061f0be6c2ac1c9fc4.pdf', 'PO2167061398 NF007 LTE 4C AMDOCS $2,455.00-Rev 1.pdf'),
(2, '2167070601', 1, '4', '2cbd3156c98de25a9902962f4ff58970.pdf', 'PO2167070601 WV942 LTE 2C AMDOCS $3,902.00.pdf'),
(3, '2167071111', 1, '4', '17eb2d2f452bef1cf297e72b4129b6c5.pdf', 'PO2167071111 WV835 LTE 2C AMDOCS $3,902.00.pdf'),
(4, '2167080300', 1, '4', '7bc6ab4ff7cdbf565d60a693d80635fc.pdf', 'PO2167080300 HB871 LTE 2C AMDOCS $1,560.00.pdf'),
(5, '2167080301', 1, '4', '9b4af86cd25f6444daa9c2056a575f68.pdf', 'PO2167080301 WV845 LTE 3C AMDOCS $2,481.00.pdf'),
(6, '2167080302', 1, '4', 'f52c9ce945f30ae9d2762096998a31e6.pdf', 'PO2167080302 NF370 LTE 2C AMDOCS $1,560.00.pdf'),
(7, '2167080303', 1, '4', '9c36137ecd006d7b0c92b3e9da5999f6.pdf', 'PO2167080303 RO372 LTE 2C AMDOCS $1,955.00.pdf'),
(8, '2167061285', 1, '4', '019e205372fc38f4119fe3c85baf5996.pdf', 'PO2167061285 WV017 LTE 3C AMDOCS $2,740.00-Rev 1.pdf'),
(9, '2167061391', 1, '4', '34f5dddf5d83b77a71eb4b2b8dea62d2.pdf', 'PO2167061391 NF276 LTE 4C AMDOCS $2,455.00-Rev 1.pdf'),
(10, '133271', 0, '1', 'a1393dcd6a26482bcf9a13005c5aef49.pdf', 'AMDO-CT5176-133271-LTE4C5C.pdf'),
(11, '133071', 0, '1', '0f12f78ea0faa418c5b61ab26567ab41.pdf', 'AMDO-MA1133-133071-LTE3C4C.pdf'),
(12, '133049', 0, '1', '2107bab6a887354e33b09f3589663995.pdf', 'AMDO-MA1194-133049-LTE2C.pdf'),
(13, '133050', 0, '1', '8d84ff1bec03d18575801a67c63fe12a.pdf', 'AMDO-MA1195-133050-LTE2C.pdf'),
(14, '133075', 0, '1', '7fd4bd5c21422da1b57af5d21095df0b.pdf', 'AMDO-MA1237-133075-LTE4C5C.pdf'),
(15, '133046', 0, '1', '898d8982b605b6206c3b4103c74fd0a9.pdf', 'AMDO-MA1313-133046-LTE2C.pdf'),
(16, '133072', 0, '1', 'd195a1cf41a947d4b054e3aeefdf4518.pdf', 'AMDO-MA2001-133072-LTE5C.pdf'),
(17, '133100', 0, '1', '419190626eb272ef1bdfd9a21f6f3986.pdf', 'AMDO-MA2091-133100-LTE4C.pdf'),
(18, '133070', 0, '1', 'f3a27efe0eeeef4a76a5f1e7bbdefc39.pdf', 'AMDO-MA2160-133070-LTE5C.pdf'),
(19, '133045', 0, '1', 'edc82649984791a20a436e6e04c2ab81.pdf', 'AMDO-MA3366-133045-LTE2C.pdf'),
(20, '133065', 1, '1', 'd50981aea57d200b45b8e0798ff2c144.pdf', 'AMDO-MA3429-133065-1-LTE2C.pdf'),
(21, '133073', 0, '1', '92c6b162a994c719777d1c10c0ef7adc.pdf', 'AMDO-MA4077-133073-LTE4C.pdf'),
(22, '133074', 0, '1', '6639007b9cd4bc64176ec8944db2b899.pdf', 'AMDO-MA5215-133074-LTE5C6C.pdf'),
(23, '133236', 0, '1', '17387ce311aa91da0d2fdf4488cacb0c.pdf', 'AMDO-RI4187-133236-LTE3C4C.pdf'),
(24, '129076.4469.8056', 1, '6', '7ed7ad2c2f819eb9bf68ba5ebc0f4de6.pdf', '129076.4469.8056_Rev.1.pdf'),
(25, '129076.4469.8057', 1, '6', '8d9fe6a47ba95bbc0302010a3b85b963.pdf', '129076.4469.8057 Rev. 1.pdf'),
(26, '129076.4469.8059', 1, '6', '015601352f3d03475217b810cf9b495e.pdf', '129076.4469.8059 Rev. 1.pdf'),
(27, '129076.4469.8060', 1, '6', '3c4d6854254c53268426f5aa961b85e7.pdf', '129076.4469.8060_Rev.1.pdf'),
(28, '129076.4469.8061', 0, '6', 'f099e8e9fe230e1864b7321fcecaa663.pdf', '129076.4469.8061 Rev. 0.pdf'),
(29, '129076.4469.8078', 0, '6', 'a04a44ff31965cb87e957647451eb2ce.pdf', '129076.4469.8078_Rev.0.pdf'),
(30, '129076.4469.8080', 0, '6', 'f7188fb507f6d92208510c31821e3d67.pdf', '129076.4469.8080 Rev. 0.pdf'),
(31, '129076.4469.8089', 0, '6', '423899b12d4526021055651a7c6a4fa2.pdf', '129076.4469.8089_Rev.0.pdf'),
(32, '129076.4469.8090', 0, '6', '5322d9b3b2e4372588b2897c719b197a.pdf', '129076.4469.8090_Rev.0.pdf'),
(33, '129076.4469.8091', 0, '6', 'd8e0c9ba487782e76c04461c9a711a58.pdf', '129076.4469.8091 Rev. 0.pdf'),
(34, '129076.4469.8092', 0, '6', '8236ab9a0a1e43beef7be13649ecf19d.pdf', '129076.4469.8092_Rev.0.pdf'),
(35, '129076.4469.8093', 0, '6', '33994d8477fafec83ff076494034751f.pdf', '129076.4469.8093 Rev. 0.pdf'),
(36, '129076.4469.8095', 0, '6', 'f37e803f0fe469a5ce8ea9de82f26785.pdf', '129076.4469.8095_Rev.0.pdf'),
(37, '129076.4469.8096', 0, '6', '9e972f5e6e6829cb6c987655a063e325.pdf', '129076.4469.8096_Rev.0.pdf'),
(38, '129076.4469.8098', 0, '6', 'd6467c44593db22fcbe9a4cf57e7baef.pdf', '129076.4469.8098_Rev.0.pdf'),
(39, '2167061399', 0, '4', 'e5765af121d4529646ee554c7099f290.pdf', 'CV305 LTE 4C - PO2167061399  AMDOCS $2,060.00.pdf'),
(40, '2167061264', 0, '4', '9251551bccbc3ca640b52e3167c584bf.pdf', 'CV320 LTE 3C - PO2167061264 AMDOCS $2,060.00.pdf'),
(41, '2167061265', 0, '4', '408b0891e811e33d4ec74a20ae8054e3.pdf', 'DA080 LTE 3C - PO2167061265 AMDOCS $2,060.00.pdf'),
(42, '2167061266', 0, '4', '07291561f9c43403665ee61d2376b392.pdf', 'HB858 LTE 3C - PO2167061266 AMDOCS $2,060.00.pdf'),
(43, '2167061417', 0, '4', '83d7746e5e144be54e8c82fd66bf517d.pdf', 'HB877 LTE 2C - PO2167061417 AMDOCS $2,981.00.pdf'),
(44, '2167061267', 0, '4', '228a681228e4930b03a8cb63960ea919.pdf', 'NF002 LTE 3C - PO2167061267 AMDOCS $2,060.00.pdf'),
(45, '2167061268', 0, '4', 'c67b97758b5ab8e18ded4258a0829021.pdf', 'NF018 LTE 3C - PO2167061268 AMDOCS $2,060.00.pdf'),
(46, '2167061269', 0, '4', '19f75858be232403b39240661b0a7302.pdf', 'NF023 LTE 3C - PO2167061269 AMDOCS $2,060.00.pdf'),
(47, '2167061270', 0, '4', '4f822a67d1bb83ebe8f1b40517c2df42.pdf', 'NF038 LTE 3C - PO2167061270 AMDOCS $2,060.00.pdf'),
(48, '2167061397', 0, '4', '358e769712c25fd169e28b5e08923864.pdf', 'NF055 LTE 4C - PO2167061397  AMDOCS $2,060.00.pdf'),
(49, '2167061396', 0, '4', '6f6e1e2f537969407b4134647ab7ff1e.pdf', 'NF056 LTE 4C - PO2167061396  AMDOCS $2,060.00.pdf'),
(50, '2167061271', 0, '4', '4787db595bafb0d29a245487afd33660.pdf', 'NF060 LTE 3C - PO2167061271 AMDOCS $2,060.00.pdf'),
(51, '2167061272', 0, '4', '92dce74dd6cecafbf6f542861ac3f833.pdf', 'NF082 LTE 3C - PO2167061272 AMDOCS $2,060.00.pdf'),
(52, '2167061395', 0, '4', '3ba737b7cdb9d3d05c3b8ebd2ea1e6b5.pdf', 'NF091 LTE 4C - PO2167061395  AMDOCS $2,060.00.pdf'),
(53, '2167061394', 0, '4', '3ea8fd630631e0ad6224918ccdb54c8c.pdf', 'NF095 LTE 4C - PO2167061394  AMDOCS $2,060.00.pdf'),
(54, '2167061418', 0, '4', '84626993e6998b895c2877abe9c4a059.pdf', 'NF109 LTE 2C - PO2167061418 AMDOCS $2,981.00.pdf'),
(55, '2167061393', 0, '4', '903e77b825b763c14b55238eec73114f.pdf', 'NF126 LTE 4C - PO2167061393  AMDOCS $2,060.00.pdf'),
(56, '923581', 1, '5', 'dde4de67e58711541f88a8eb90cd7a65.pdf', 'PO_123_923581_1_US.pdf'),
(57, '943290', 0, '5', 'aa5c61ab85bc84d18d729b95c563229f.pdf', 'PO_123_943290_0_US.pdf'),
(58, '946186', 0, '5', 'a805e079427966cc81b35d0c95465df8.pdf', 'PO_123_946186_0_US.pdf'),
(59, '946239', 0, '5', '02dbdd1687f65e9f31e8ba94846a82a7.pdf', 'PO_123_946239_0_US.pdf'),
(60, '946355', 0, '5', 'c785cfc4d4d5c44167f4f8bde7aa9b12.pdf', 'PO_123_946355_0_US.pdf'),
(61, '951612', 0, '5', '810ba17476777a1b4bd6aa3165a59073.pdf', 'PO_123_951612_0_US.pdf'),
(62, '951669', 0, '5', '3032c955cf44c156fd5a367d3e4a69ef.pdf', 'PO_123_951669_0_US.pdf'),
(63, '951898', 0, '5', '33fa4b454840b21fd5c9bc81d2394b54.pdf', 'PO_123_951898_0_US.pdf'),
(64, '952287', 0, '5', '7cac2283e2305ffbf1e50c133a301f49.pdf', 'PO_123_952287_0_US.pdf'),
(65, '953284', 0, '5', 'f8f48ea231ed6566b4251e948f6b7fe2.pdf', 'PO_123_953284_0_US.pdf'),
(66, '953802', 0, '5', '7bc6a1a687b9b74679210d86adb21095.pdf', 'PO_123_953802_0_US.pdf'),
(67, '954006', 0, '5', 'ce0ec843158e4acf81ab5026f31866c9.pdf', 'PO_123_954006_0_US.pdf'),
(68, '957845', 0, '5', '5ff9173cefbcb705899464bccffa405e.pdf', 'PO_123_957845_0_US.pdf'),
(69, '957913', 0, '5', '8c0b50bb6ad5315f0e28e061a448ac4d.pdf', 'PO_123_957913_0_US.pdf'),
(70, '962145', 0, '5', 'd306e189226a4137ea7c9a2c2bd3eb51.pdf', 'PO_123_962145_0_US.pdf'),
(71, '962194', 0, '5', '4f0cb2c3756eeed7eccf6138cb2f4433.pdf', 'PO_123_962194_0_US.pdf'),
(72, '962207', 0, '5', 'ee8f78d358bd8c9e6c3f24112e8aa4b0.pdf', 'PO_123_962207_0_US.pdf'),
(73, '962357', 1, '5', 'e4a77d41d4f1294739abac381d855182.pdf', 'PO_123_962357_1_US.pdf'),
(74, '962608', 0, '5', '583b46c8f10b59a8f6f61e0cf9773b50.pdf', 'PO_123_962608_0_US.pdf');

-- --------------------------------------------------------

--
-- Table structure for table `am_region`
--

CREATE TABLE IF NOT EXISTS `am_region` (
  `id` int(10) unsigned NOT NULL AUTO_INCREMENT,
  `name` varchar(255) NOT NULL,
  `slug` varchar(5) NOT NULL,
  PRIMARY KEY (`id`)
) ENGINE=InnoDB  DEFAULT CHARSET=utf8 AUTO_INCREMENT=11 ;

--
-- Dumping data for table `am_region`
--

INSERT INTO `am_region` (`id`, `name`, `slug`) VALUES
(6, 'South East', ''),
(7, 'Mid West', ''),
(8, 'West', ''),
(9, 'California', ''),
(10, 'NE - NCR', '');

-- --------------------------------------------------------

--
-- Table structure for table `am_tracker`
--

CREATE TABLE IF NOT EXISTS `am_tracker` (
  `tracker_id` int(5) NOT NULL AUTO_INCREMENT,
  `po_line_rev` varchar(100) NOT NULL,
  `po_number` varchar(100) NOT NULL,
  `line` int(11) NOT NULL,
  `vendor` int(10) unsigned NOT NULL,
  `po_date` date NOT NULL,
  `rev` varchar(100) NOT NULL,
  `part_no` varchar(100) NOT NULL,
  `description` varchar(1000) NOT NULL,
  `delivery_date` date NOT NULL,
  `qty` int(5) NOT NULL,
  `uco` varchar(20) NOT NULL,
  `unit_price` float(10,2) NOT NULL,
  `tax` float(10,2) NOT NULL,
  `amount` float(10,2) NOT NULL,
  `order_date` date NOT NULL,
  `created_by` varchar(100) NOT NULL,
  `revision_date` date NOT NULL,
  `revised_by` varchar(100) NOT NULL,
  `project_type` varchar(100) NOT NULL,
  `fa_code` varchar(100) NOT NULL,
  `site_name` varchar(255) NOT NULL,
  `project_no` varchar(100) NOT NULL,
  `supplier_no` varchar(100) NOT NULL,
  `terms` varchar(100) NOT NULL,
  `market` int(10) unsigned NOT NULL,
  `invoice_id` int(10) unsigned NOT NULL,
  `invoiced_date` date NOT NULL,
  `invoiced_month` varchar(100) NOT NULL,
  `payment_date` date NOT NULL,
  `status` tinyint(1) unsigned NOT NULL DEFAULT '1',
  `upload_date` datetime NOT NULL,
  `last_modified_date` datetime NOT NULL,
  `last_modified_by` varchar(100) NOT NULL,
  `customer_name` varchar(100) NOT NULL,
  `file_name` varchar(255) NOT NULL,
  `pdf_name` varchar(1000) NOT NULL,
  `region` int(10) unsigned NOT NULL,
  PRIMARY KEY (`tracker_id`),
  UNIQUE KEY `po_number` (`po_number`,`line`,`vendor`)
) ENGINE=InnoDB  DEFAULT CHARSET=utf8 AUTO_INCREMENT=294 ;

--
-- Dumping data for table `am_tracker`
--

INSERT INTO `am_tracker` (`tracker_id`, `po_line_rev`, `po_number`, `line`, `vendor`, `po_date`, `rev`, `part_no`, `description`, `delivery_date`, `qty`, `uco`, `unit_price`, `tax`, `amount`, `order_date`, `created_by`, `revision_date`, `revised_by`, `project_type`, `fa_code`, `site_name`, `project_no`, `supplier_no`, `terms`, `market`, `invoice_id`, `invoiced_date`, `invoiced_month`, `payment_date`, `status`, `upload_date`, `last_modified_date`, `last_modified_by`, `customer_name`, `file_name`, `pdf_name`, `region`) VALUES
(1, '21670613981', '2167061398', 1, 4, '2017-06-13', '1', '', 'IN01-T3', '0000-00-00', 1, '', 1275.00, 0.00, 1275.00, '0000-00-00', '', '0000-00-00', '', '', '', '2352A06HQ5', '', '10069214-NF007', '', 22, 3, '0000-00-00', '', '0000-00-00', 4, '0000-00-00 00:00:00', '0000-00-00 00:00:00', '', '', '', '', 10),
(2, '21670613982', '2167061398', 2, 4, '2017-06-13', '1', '', 'IN03-T3', '0000-00-00', 1, '', 500.00, 0.00, 500.00, '0000-00-00', '', '0000-00-00', '', '', '', '2352A06HQ5', '', '10069214-NF007', '', 22, 3, '0000-00-00', '', '0000-00-00', 4, '0000-00-00 00:00:00', '0000-00-00 00:00:00', '', '', '', '', 10),
(3, '21670613983', '2167061398', 3, 4, '2017-06-13', '1', '', 'RC01-3', '0000-00-00', 1, '', 285.00, 0.00, 285.00, '0000-00-00', '', '0000-00-00', '', '', '', '2352A06HQ5', '', '10069214-NF007', '', 22, 3, '0000-00-00', '', '0000-00-00', 4, '0000-00-00 00:00:00', '0000-00-00 00:00:00', '', '', '', '', 10),
(4, '21670613984', '2167061398', 4, 4, '2017-06-13', '1', '', 'SP04-T3', '0000-00-00', 1, '', 395.00, 0.00, 395.00, '0000-00-00', '', '0000-00-00', '', '', '', '2352A06HQ5', '', '10069214-NF007', '', 22, 3, '0000-00-00', '', '0000-00-00', 4, '0000-00-00 00:00:00', '0000-00-00 00:00:00', '', '', '', '', 10),
(5, '21670706011', '2167070601', 1, 4, '2017-07-06', '1', '', 'IN01', '0000-00-00', 1, '', 1275.00, 0.00, 1275.00, '0000-00-00', '', '0000-00-00', '', '', '', '2355A06HSH', '', '10128262-WV942', '', 22, 4, '0000-00-00', '', '0000-00-00', 4, '0000-00-00 00:00:00', '0000-00-00 00:00:00', '', '', '', '', 10),
(6, '21670706012', '2167070601', 2, 4, '2017-07-06', '1', '', 'IN02', '0000-00-00', 2, '', 921.00, 0.00, 1842.00, '0000-00-00', '', '0000-00-00', '', '', '', '2355A06HSH', '', '10128262-WV942', '', 22, 4, '0000-00-00', '', '0000-00-00', 4, '0000-00-00 00:00:00', '0000-00-00 00:00:00', '', '', '', '', 10),
(7, '21670706013', '2167070601', 3, 4, '2017-07-06', '1', '', 'IN03', '0000-00-00', 1, '', 500.00, 0.00, 500.00, '0000-00-00', '', '0000-00-00', '', '', '', '2355A06HSH', '', '10128262-WV942', '', 22, 4, '0000-00-00', '', '0000-00-00', 4, '0000-00-00 00:00:00', '0000-00-00 00:00:00', '', '', '', '', 10),
(8, '21670706014', '2167070601', 4, 4, '2017-07-06', '1', '', 'RC01', '0000-00-00', 1, '', 285.00, 0.00, 285.00, '0000-00-00', '', '0000-00-00', '', '', '', '2355A06HSH', '', '10128262-WV942', '', 22, 4, '0000-00-00', '', '0000-00-00', 4, '0000-00-00 00:00:00', '0000-00-00 00:00:00', '', '', '', '', 10),
(9, '21670711111', '2167071111', 1, 4, '2017-07-11', '1', '', 'IN01', '0000-00-00', 1, '', 1275.00, 0.00, 1275.00, '0000-00-00', '', '0000-00-00', '', '', '', '2353A06HQ0', '', '10126963-WV835', '', 22, 5, '0000-00-00', '', '0000-00-00', 4, '0000-00-00 00:00:00', '0000-00-00 00:00:00', '', '', '', '', 10),
(10, '21670711112', '2167071111', 2, 4, '2017-07-11', '1', '', 'IN02', '0000-00-00', 2, '', 921.00, 0.00, 1842.00, '0000-00-00', '', '0000-00-00', '', '', '', '2353A06HQ0', '', '10126963-WV835', '', 22, 5, '0000-00-00', '', '0000-00-00', 4, '0000-00-00 00:00:00', '0000-00-00 00:00:00', '', '', '', '', 10),
(11, '21670711113', '2167071111', 3, 4, '2017-07-11', '1', '', 'IN03', '0000-00-00', 1, '', 500.00, 0.00, 500.00, '0000-00-00', '', '0000-00-00', '', '', '', '2353A06HQ0', '', '10126963-WV835', '', 22, 5, '0000-00-00', '', '0000-00-00', 4, '0000-00-00 00:00:00', '0000-00-00 00:00:00', '', '', '', '', 10),
(12, '21670711114', '2167071111', 4, 4, '2017-07-11', '1', '', 'RC01', '0000-00-00', 1, '', 285.00, 0.00, 285.00, '0000-00-00', '', '0000-00-00', '', '', '', '2353A06HQ0', '', '10126963-WV835', '', 22, 5, '0000-00-00', '', '0000-00-00', 4, '0000-00-00 00:00:00', '0000-00-00 00:00:00', '', '', '', '', 10),
(13, '21670803001', '2167080300', 1, 4, '2017-08-03', '1', '', 'IN01', '0000-00-00', 1, '', 1275.00, 0.00, 1275.00, '0000-00-00', '', '0000-00-00', '', '', '', '2352A072NA', '', '10096241-HB871', '', 22, 6, '0000-00-00', '', '0000-00-00', 4, '0000-00-00 00:00:00', '0000-00-00 00:00:00', '', '', '', '', 10),
(14, '21670803002', '2167080300', 2, 4, '2017-08-03', '1', '', 'RC01', '0000-00-00', 1, '', 285.00, 0.00, 285.00, '0000-00-00', '', '0000-00-00', '', '', '', '2352A072NA', '', '10096241-HB871', '', 22, 6, '0000-00-00', '', '0000-00-00', 4, '0000-00-00 00:00:00', '0000-00-00 00:00:00', '', '', '', '', 10),
(15, '21670803011', '2167080301', 1, 4, '2017-08-03', '1', '', 'IN01', '0000-00-00', 1, '', 1275.00, 0.00, 1275.00, '0000-00-00', '', '0000-00-00', '', '', '', '2353A06HPW', '', '10129689-WV845', '', 22, 0, '0000-00-00', '', '0000-00-00', 1, '0000-00-00 00:00:00', '0000-00-00 00:00:00', '', '', '', '', 10),
(16, '21670803012', '2167080301', 2, 4, '2017-08-03', '1', '', 'IN02', '0000-00-00', 1, '', 921.00, 0.00, 921.00, '0000-00-00', '', '0000-00-00', '', '', '', '2353A06HPW', '', '10129689-WV845', '', 22, 0, '0000-00-00', '', '0000-00-00', 1, '0000-00-00 00:00:00', '0000-00-00 00:00:00', '', '', '', '', 10),
(17, '21670803013', '2167080301', 3, 4, '2017-08-03', '1', '', 'RC01', '0000-00-00', 1, '', 285.00, 0.00, 285.00, '0000-00-00', '', '0000-00-00', '', '', '', '2353A06HPW', '', '10129689-WV845', '', 22, 0, '0000-00-00', '', '0000-00-00', 1, '0000-00-00 00:00:00', '0000-00-00 00:00:00', '', '', '', '', 10),
(18, '21670803021', '2167080302', 1, 4, '2017-08-03', '1', '', 'IN01', '0000-00-00', 1, '', 1275.00, 0.00, 1275.00, '0000-00-00', '', '0000-00-00', '', '', '', '2352A07PNM', '', '10103284-NF370', '', 22, 0, '0000-00-00', '', '0000-00-00', 1, '0000-00-00 00:00:00', '0000-00-00 00:00:00', '', '', '', '', 10),
(19, '21670803022', '2167080302', 2, 4, '2017-08-03', '1', '', 'RC01', '0000-00-00', 1, '', 285.00, 0.00, 285.00, '0000-00-00', '', '0000-00-00', '', '', '', '2352A07PNM', '', '10103284-NF370', '', 22, 0, '0000-00-00', '', '0000-00-00', 1, '0000-00-00 00:00:00', '0000-00-00 00:00:00', '', '', '', '', 10),
(20, '21670803031', '2167080303', 1, 4, '2017-08-03', '1', '', 'IN01', '0000-00-00', 1, '', 1275.00, 0.00, 1275.00, '0000-00-00', '', '0000-00-00', '', '', '', '2352A080WG', '', '10067655-RO372', '', 22, 0, '0000-00-00', '', '0000-00-00', 1, '0000-00-00 00:00:00', '0000-00-00 00:00:00', '', '', '', '', 10),
(21, '21670803032', '2167080303', 2, 4, '2017-08-03', '1', '', 'RC01', '0000-00-00', 1, '', 285.00, 0.00, 285.00, '0000-00-00', '', '0000-00-00', '', '', '', '2352A080WG', '', '10067655-RO372', '', 22, 0, '0000-00-00', '', '0000-00-00', 1, '0000-00-00 00:00:00', '0000-00-00 00:00:00', '', '', '', '', 10),
(22, '21670803033', '2167080303', 3, 4, '2017-08-03', '1', '', 'SP04', '0000-00-00', 1, '', 395.00, 0.00, 395.00, '0000-00-00', '', '0000-00-00', '', '', '', '2352A080WG', '', '10067655-RO372', '', 22, 0, '0000-00-00', '', '0000-00-00', 1, '0000-00-00 00:00:00', '0000-00-00 00:00:00', '', '', '', '', 10),
(23, '21670612851', '2167061285', 1, 4, '2017-06-12', '1', '', 'IN01-T3', '0000-00-00', 1, '', 1275.00, 0.00, 1275.00, '0000-00-00', '', '0000-00-00', '', '', '', '2353A0732M', '', '10085353-WV017', '', 22, 35, '0000-00-00', '', '0000-00-00', 4, '0000-00-00 00:00:00', '0000-00-00 00:00:00', '', '', '', '', 10),
(24, '21670612852', '2167061285', 2, 4, '2017-06-12', '1', '', 'IN03-T3', '0000-00-00', 1, '', 500.00, 0.00, 500.00, '0000-00-00', '', '0000-00-00', '', '', '', '2353A0732M', '', '10085353-WV017', '', 22, 35, '0000-00-00', '', '0000-00-00', 4, '0000-00-00 00:00:00', '0000-00-00 00:00:00', '', '', '', '', 10),
(25, '21670612853', '2167061285', 3, 4, '2017-06-12', '1', '', 'RC01-T3', '0000-00-00', 1, '', 285.00, 0.00, 285.00, '0000-00-00', '', '0000-00-00', '', '', '', '2353A0732M', '', '10085353-WV017', '', 22, 35, '0000-00-00', '', '0000-00-00', 4, '0000-00-00 00:00:00', '0000-00-00 00:00:00', '', '', '', '', 10),
(26, '21670612854', '2167061285', 4, 4, '2017-06-12', '1', '', 'RC02-T3', '0000-00-00', 1, '', 285.00, 0.00, 285.00, '0000-00-00', '', '0000-00-00', '', '', '', '2353A0732M', '', '10085353-WV017', '', 22, 35, '0000-00-00', '', '0000-00-00', 4, '0000-00-00 00:00:00', '0000-00-00 00:00:00', '', '', '', '', 10),
(27, '21670612855', '2167061285', 5, 4, '2017-06-12', '1', '', 'SP07-T3', '0000-00-00', 1, '', 395.00, 0.00, 395.00, '0000-00-00', '', '0000-00-00', '', '', '', '2353A0732M', '', '10085353-WV017', '', 22, 35, '0000-00-00', '', '0000-00-00', 4, '0000-00-00 00:00:00', '0000-00-00 00:00:00', '', '', '', '', 10),
(28, '21670613911', '2167061391', 1, 4, '2017-06-13', '1', '', 'IN01-T3', '0000-00-00', 1, '', 1275.00, 0.00, 1275.00, '0000-00-00', '', '0000-00-00', '', '', '', '2352A080VE', '', '10068808-NF276', '', 22, 2, '0000-00-00', '', '0000-00-00', 4, '0000-00-00 00:00:00', '0000-00-00 00:00:00', '', '', '', '', 10),
(29, '21670613912', '2167061391', 2, 4, '2017-06-13', '1', '', 'IN03-T3', '0000-00-00', 1, '', 500.00, 0.00, 500.00, '0000-00-00', '', '0000-00-00', '', '', '', '2352A080VE', '', '10068808-NF276', '', 22, 2, '0000-00-00', '', '0000-00-00', 4, '0000-00-00 00:00:00', '0000-00-00 00:00:00', '', '', '', '', 10),
(30, '21670613913', '2167061391', 3, 4, '2017-06-13', '1', '', 'RC01-T3', '0000-00-00', 1, '', 285.00, 0.00, 285.00, '0000-00-00', '', '0000-00-00', '', '', '', '2352A080VE', '', '10068808-NF276', '', 22, 2, '0000-00-00', '', '0000-00-00', 4, '0000-00-00 00:00:00', '0000-00-00 00:00:00', '', '', '', '', 10),
(31, '21670613914', '2167061391', 4, 4, '2017-06-13', '1', '', 'SP07', '0000-00-00', 1, '', 395.00, 0.00, 395.00, '0000-00-00', '', '0000-00-00', '', '', '', '2352A080VE', '', '10068808-NF276', '', 22, 2, '0000-00-00', '', '0000-00-00', 4, '0000-00-00 00:00:00', '0000-00-00 00:00:00', '', '', '', '', 10),
(32, '1332711', '133271', 1, 1, '2017-03-17', '0', '', 'IN01- Integrationwith Amdocs Provided Script', '0000-00-00', 1, '', 1275.00, 0.00, 1275.00, '0000-00-00', '', '0000-00-00', '', '', '', '(5176)   CT', '', 'Bethel Stoney Hil', '', 21, 0, '0000-00-00', '', '0000-00-00', 1, '0000-00-00 00:00:00', '0000-00-00 00:00:00', '', '', '', '', 10),
(33, '1332712', '133271', 2, 1, '2017-03-17', '0', '', 'RC01- Card Install', '0000-00-00', 1, '', 260.00, 0.00, 260.00, '0000-00-00', '', '0000-00-00', '', '', '', '(5176)   CT', '', 'Bethel Stoney Hil', '', 21, 0, '0000-00-00', '', '0000-00-00', 1, '0000-00-00 00:00:00', '0000-00-00 00:00:00', '', '', '', '', 10),
(34, '1332713', '133271', 3, 1, '2017-03-17', '0', '', 'TS42- E911 with Integration', '0000-00-00', 1, '', 163.00, 0.00, 163.00, '0000-00-00', '', '0000-00-00', '', '', '', '(5176)   CT', '', 'Bethel Stoney Hil', '', 21, 0, '0000-00-00', '', '0000-00-00', 1, '0000-00-00 00:00:00', '0000-00-00 00:00:00', '', '', '', '', 10),
(35, '1332714', '133271', 4, 1, '2017-03-17', '0', '', 'TS41- NEA Testing', '0000-00-00', 1, '', 295.00, 0.00, 295.00, '0000-00-00', '', '0000-00-00', '', '', '', '(5176)   CT', '', 'Bethel Stoney Hil', '', 21, 0, '0000-00-00', '', '0000-00-00', 1, '0000-00-00 00:00:00', '0000-00-00 00:00:00', '', '', '', '', 10),
(36, '1330711', '133071', 1, 1, '2017-03-13', '0', '', 'IN01 - Integration with Amdocs provided script', '0000-00-00', 1, '', 1275.00, 0.00, 1275.00, '0000-00-00', '', '0000-00-00', '', '', '', '(1133)   MA', '', 'Mashpee', '', 21, 11, '0000-00-00', '', '0000-00-00', 4, '0000-00-00 00:00:00', '0000-00-00 00:00:00', '', '', '', '', 10),
(37, '1330712', '133071', 2, 1, '2017-03-13', '0', '', 'RC01 - Card Install', '0000-00-00', 1, '', 260.00, 0.00, 260.00, '0000-00-00', '', '0000-00-00', '', '', '', '(1133)   MA', '', 'Mashpee', '', 21, 11, '0000-00-00', '', '0000-00-00', 4, '0000-00-00 00:00:00', '0000-00-00 00:00:00', '', '', '', '', 10),
(38, '1330713', '133071', 3, 1, '2017-03-13', '0', '', 'TS41 - NEA Testing', '0000-00-00', 1, '', 259.00, 0.00, 259.00, '0000-00-00', '', '0000-00-00', '', '', '', '(1133)   MA', '', 'Mashpee', '', 21, 11, '0000-00-00', '', '0000-00-00', 4, '0000-00-00 00:00:00', '0000-00-00 00:00:00', '', '', '', '', 10),
(39, '1330714', '133071', 4, 1, '2017-03-13', '0', '', 'TS42 - E911 with Integration', '0000-00-00', 1, '', 163.00, 0.00, 163.00, '0000-00-00', '', '0000-00-00', '', '', '', '(1133)   MA', '', 'Mashpee', '', 21, 11, '0000-00-00', '', '0000-00-00', 4, '0000-00-00 00:00:00', '0000-00-00 00:00:00', '', '', '', '', 10),
(40, '1330491', '133049', 1, 1, '2017-03-10', '0', '', 'Integration with Amdocs provided script', '0000-00-00', 1, '', 1275.00, 0.00, 1275.00, '0000-00-00', '', '0000-00-00', '', '', '', '(1194)   MA', '', 'Mattapoisett', '', 21, 7, '0000-00-00', '', '0000-00-00', 4, '0000-00-00 00:00:00', '0000-00-00 00:00:00', '', '', '', '', 10),
(41, '1330492', '133049', 2, 1, '2017-03-10', '0', '', 'Card Install', '0000-00-00', 1, '', 260.00, 0.00, 260.00, '0000-00-00', '', '0000-00-00', '', '', '', '(1194)   MA', '', 'Mattapoisett', '', 21, 0, '0000-00-00', '', '0000-00-00', 1, '0000-00-00 00:00:00', '0000-00-00 00:00:00', '', '', '', '', 10),
(42, '1330493', '133049', 3, 1, '2017-03-10', '0', '', 'E911 with Integration', '0000-00-00', 1, '', 163.00, 0.00, 163.00, '0000-00-00', '', '0000-00-00', '', '', '', '(1194)   MA', '', 'Mattapoisett', '', 21, 0, '0000-00-00', '', '0000-00-00', 1, '0000-00-00 00:00:00', '0000-00-00 00:00:00', '', '', '', '', 10),
(43, '1330501', '133050', 1, 1, '2017-03-10', '0', '', 'Integration with Amdocs provided script', '0000-00-00', 1, '', 1275.00, 0.00, 1275.00, '0000-00-00', '', '0000-00-00', '', '', '', '(1195)   MA', '', 'Medfield', '', 21, 0, '0000-00-00', '', '0000-00-00', 1, '0000-00-00 00:00:00', '0000-00-00 00:00:00', '', '', '', '', 10),
(44, '1330502', '133050', 2, 1, '2017-03-10', '0', '', 'Card Install', '0000-00-00', 1, '', 260.00, 0.00, 260.00, '0000-00-00', '', '0000-00-00', '', '', '', '(1195)   MA', '', 'Medfield', '', 21, 0, '0000-00-00', '', '0000-00-00', 1, '0000-00-00 00:00:00', '0000-00-00 00:00:00', '', '', '', '', 10),
(45, '1330503', '133050', 3, 1, '2017-03-10', '0', '', 'E911 with Integration', '0000-00-00', 1, '', 163.00, 0.00, 163.00, '0000-00-00', '', '0000-00-00', '', '', '', '(1195)   MA', '', 'Medfield', '', 21, 0, '0000-00-00', '', '0000-00-00', 1, '0000-00-00 00:00:00', '0000-00-00 00:00:00', '', '', '', '', 10),
(46, '1330751', '133075', 1, 1, '2017-03-13', '0', '', 'IN01 - Integration with Amdocs provided script', '0000-00-00', 1, '', 1275.00, 0.00, 1275.00, '0000-00-00', '', '0000-00-00', '', '', '', '(1237)   MA', '', 'Foxborough', '', 21, 0, '0000-00-00', '', '0000-00-00', 1, '0000-00-00 00:00:00', '0000-00-00 00:00:00', '', '', '', '', 10),
(47, '1330752', '133075', 2, 1, '2017-03-13', '0', '', 'RC01 - Card Install', '0000-00-00', 1, '', 260.00, 0.00, 260.00, '0000-00-00', '', '0000-00-00', '', '', '', '(1237)   MA', '', 'Foxborough', '', 21, 0, '0000-00-00', '', '0000-00-00', 1, '0000-00-00 00:00:00', '0000-00-00 00:00:00', '', '', '', '', 10),
(48, '1330753', '133075', 3, 1, '2017-03-13', '0', '', 'TS41 - NEA Testing', '0000-00-00', 1, '', 259.00, 0.00, 259.00, '0000-00-00', '', '0000-00-00', '', '', '', '(1237)   MA', '', 'Foxborough', '', 21, 0, '0000-00-00', '', '0000-00-00', 1, '0000-00-00 00:00:00', '0000-00-00 00:00:00', '', '', '', '', 10),
(49, '1330754', '133075', 4, 1, '2017-03-13', '0', '', 'TS42 - E911 with integration', '0000-00-00', 1, '', 163.00, 0.00, 163.00, '0000-00-00', '', '0000-00-00', '', '', '', '(1237)   MA', '', 'Foxborough', '', 21, 0, '0000-00-00', '', '0000-00-00', 1, '0000-00-00 00:00:00', '0000-00-00 00:00:00', '', '', '', '', 10),
(50, '1330461', '133046', 1, 1, '2017-03-10', '0', '', 'Integration with Amdocs provided script', '0000-00-00', 1, '', 1275.00, 0.00, 1275.00, '0000-00-00', '', '0000-00-00', '', '', '', '(1313)   MA', '', 'Bellingham', '', 21, 0, '0000-00-00', '', '0000-00-00', 1, '0000-00-00 00:00:00', '0000-00-00 00:00:00', '', '', '', '', 10),
(51, '1330462', '133046', 2, 1, '2017-03-10', '0', '', 'Card Install', '0000-00-00', 1, '', 260.00, 0.00, 260.00, '0000-00-00', '', '0000-00-00', '', '', '', '(1313)   MA', '', 'Bellingham', '', 21, 0, '0000-00-00', '', '0000-00-00', 1, '0000-00-00 00:00:00', '0000-00-00 00:00:00', '', '', '', '', 10),
(52, '1330463', '133046', 3, 1, '2017-03-10', '0', '', 'E911 with Integration', '0000-00-00', 1, '', 163.00, 0.00, 163.00, '0000-00-00', '', '0000-00-00', '', '', '', '(1313)   MA', '', 'Bellingham', '', 21, 0, '0000-00-00', '', '0000-00-00', 1, '0000-00-00 00:00:00', '0000-00-00 00:00:00', '', '', '', '', 10),
(53, '1330721', '133072', 1, 1, '2017-03-13', '0', '', 'IN01 - Integration with Amdocs provided script', '0000-00-00', 1, '', 1275.00, 0.00, 1275.00, '0000-00-00', '', '0000-00-00', '', '', '', '(2001)   MA', '', 'Boston', '', 21, 12, '0000-00-00', '', '0000-00-00', 4, '0000-00-00 00:00:00', '0000-00-00 00:00:00', '', '', '', '', 10),
(54, '1330722', '133072', 2, 1, '2017-03-13', '0', '', 'RC01 - Card Install', '0000-00-00', 1, '', 260.00, 0.00, 260.00, '0000-00-00', '', '0000-00-00', '', '', '', '(2001)   MA', '', 'Boston', '', 21, 12, '0000-00-00', '', '0000-00-00', 4, '0000-00-00 00:00:00', '0000-00-00 00:00:00', '', '', '', '', 10),
(55, '1330723', '133072', 3, 1, '2017-03-13', '0', '', 'TS41 - NEA Testing', '0000-00-00', 1, '', 259.00, 0.00, 259.00, '0000-00-00', '', '0000-00-00', '', '', '', '(2001)   MA', '', 'Boston', '', 21, 12, '0000-00-00', '', '0000-00-00', 4, '0000-00-00 00:00:00', '0000-00-00 00:00:00', '', '', '', '', 10),
(56, '1330724', '133072', 4, 1, '2017-03-13', '0', '', 'TS42 - E911 with Integration', '0000-00-00', 1, '', 163.00, 0.00, 163.00, '0000-00-00', '', '0000-00-00', '', '', '', '(2001)   MA', '', 'Boston', '', 21, 12, '0000-00-00', '', '0000-00-00', 4, '0000-00-00 00:00:00', '0000-00-00 00:00:00', '', '', '', '', 10),
(57, '1331001', '133100', 1, 1, '2017-03-14', '0', '', 'IN91 - Integration with Amdocs Provided Script', '0000-00-00', 1, '', 1275.00, 0.00, 1275.00, '0000-00-00', '', '0000-00-00', '', '', '', '(2091)   MA', '', 'Boston', '', 21, 0, '0000-00-00', '', '0000-00-00', 1, '0000-00-00 00:00:00', '0000-00-00 00:00:00', '', '', '', '', 10),
(58, '1331002', '133100', 2, 1, '2017-03-14', '0', '', 'RC01 - Card Install', '0000-00-00', 1, '', 260.00, 0.00, 260.00, '0000-00-00', '', '0000-00-00', '', '', '', '(2091)   MA', '', 'Boston', '', 21, 0, '0000-00-00', '', '0000-00-00', 1, '0000-00-00 00:00:00', '0000-00-00 00:00:00', '', '', '', '', 10),
(59, '1331003', '133100', 3, 1, '2017-03-14', '0', '', 'TS42 - E911 with Integration', '0000-00-00', 1, '', 163.00, 0.00, 163.00, '0000-00-00', '', '0000-00-00', '', '', '', '(2091)   MA', '', 'Boston', '', 21, 0, '0000-00-00', '', '0000-00-00', 1, '0000-00-00 00:00:00', '0000-00-00 00:00:00', '', '', '', '', 10),
(60, '1330701', '133070', 1, 1, '2017-03-13', '0', '', 'IN01 - Integration with Amdocs provided script', '0000-00-00', 1, '', 1275.00, 0.00, 1275.00, '0000-00-00', '', '0000-00-00', '', '', '', '(2160)   MA', '', 'East Boston', '', 21, 10, '0000-00-00', '', '0000-00-00', 4, '0000-00-00 00:00:00', '0000-00-00 00:00:00', '', '', '', '', 10),
(61, '1330702', '133070', 2, 1, '2017-03-13', '0', '', 'IRC01 - Card Install', '0000-00-00', 1, '', 260.00, 0.00, 260.00, '0000-00-00', '', '0000-00-00', '', '', '', '(2160)   MA', '', 'East Boston', '', 21, 10, '0000-00-00', '', '0000-00-00', 4, '0000-00-00 00:00:00', '0000-00-00 00:00:00', '', '', '', '', 10),
(62, '1330703', '133070', 3, 1, '2017-03-13', '0', '', 'TS41 - NEA Testing', '0000-00-00', 1, '', 259.00, 0.00, 259.00, '0000-00-00', '', '0000-00-00', '', '', '', '(2160)   MA', '', 'East Boston', '', 21, 10, '0000-00-00', '', '0000-00-00', 4, '0000-00-00 00:00:00', '0000-00-00 00:00:00', '', '', '', '', 10),
(63, '1330704', '133070', 4, 1, '2017-03-13', '0', '', 'TS42 - E911 with Integration', '0000-00-00', 1, '', 163.00, 0.00, 163.00, '0000-00-00', '', '0000-00-00', '', '', '', '(2160)   MA', '', 'East Boston', '', 21, 10, '0000-00-00', '', '0000-00-00', 4, '0000-00-00 00:00:00', '0000-00-00 00:00:00', '', '', '', '', 10),
(64, '1330451', '133045', 1, 1, '2017-03-10', '0', '', 'Integration with Amdocs provided script', '0000-00-00', 1, '', 1275.00, 0.00, 1275.00, '0000-00-00', '', '0000-00-00', '', '', '', '(3366)   MA', '', 'Chelmsford', '', 21, 0, '0000-00-00', '', '0000-00-00', 1, '0000-00-00 00:00:00', '0000-00-00 00:00:00', '', '', '', '', 10),
(65, '1330452', '133045', 2, 1, '2017-03-10', '0', '', 'Card Install', '0000-00-00', 1, '', 260.00, 0.00, 260.00, '0000-00-00', '', '0000-00-00', '', '', '', '(3366)   MA', '', 'Chelmsford', '', 21, 0, '0000-00-00', '', '0000-00-00', 1, '0000-00-00 00:00:00', '0000-00-00 00:00:00', '', '', '', '', 10),
(66, '1330453', '133045', 3, 1, '2017-03-10', '0', '', 'E911 with Integration', '0000-00-00', 1, '', 163.00, 0.00, 163.00, '0000-00-00', '', '0000-00-00', '', '', '', '(3366)   MA', '', 'Chelmsford', '', 21, 0, '0000-00-00', '', '0000-00-00', 1, '0000-00-00 00:00:00', '0000-00-00 00:00:00', '', '', '', '', 10),
(67, '1330651', '133065', 1, 1, '2017-03-13', '1', '', ' IN01 - Integration with Amdocs provided script', '0000-00-00', 1, '', 1275.00, 0.00, 1275.00, '0000-00-00', '', '0000-00-00', '', '', '', '(3429)   MA', '', 'Whitinsville', '', 21, 9, '0000-00-00', '', '0000-00-00', 4, '0000-00-00 00:00:00', '0000-00-00 00:00:00', '', '', '', '', 10),
(68, '1330652', '133065', 2, 1, '2017-03-13', '1', '', ' RC01 - Card Install', '0000-00-00', 1, '', 260.00, 0.00, 260.00, '0000-00-00', '', '0000-00-00', '', '', '', '(3429)   MA', '', 'Whitinsville', '', 21, 9, '0000-00-00', '', '0000-00-00', 4, '0000-00-00 00:00:00', '0000-00-00 00:00:00', '', '', '', '', 10),
(69, '1330654', '133065', 4, 1, '2017-03-13', '1', '', ' TS42 - E911 with Integration', '0000-00-00', 1, '', 163.00, 0.00, 163.00, '0000-00-00', '', '0000-00-00', '', '', '', '(3429)   MA', '', 'Whitinsville', '', 21, 9, '0000-00-00', '', '0000-00-00', 4, '0000-00-00 00:00:00', '0000-00-00 00:00:00', '', '', '', '', 10),
(70, '1330731', '133073', 1, 1, '2017-03-13', '0', '', 'IN01- Integration with Amdocs provided script', '0000-00-00', 1, '', 1275.00, 0.00, 1275.00, '0000-00-00', '', '0000-00-00', '', '', '', '(4077)   MA', '', 'Fall River', '', 21, 13, '0000-00-00', '', '0000-00-00', 4, '0000-00-00 00:00:00', '0000-00-00 00:00:00', '', '', '', '', 10),
(71, '1330732', '133073', 2, 1, '2017-03-13', '0', '', 'RC01- Card Install', '0000-00-00', 1, '', 260.00, 0.00, 260.00, '0000-00-00', '', '0000-00-00', '', '', '', '(4077)   MA', '', 'Fall River', '', 21, 0, '0000-00-00', '', '0000-00-00', 1, '0000-00-00 00:00:00', '0000-00-00 00:00:00', '', '', '', '', 10),
(72, '1330733', '133073', 3, 1, '2017-03-13', '0', '', 'TS42- E911 with Integration', '0000-00-00', 1, '', 163.00, 0.00, 163.00, '0000-00-00', '', '0000-00-00', '', '', '', '(4077)   MA', '', 'Fall River', '', 21, 13, '0000-00-00', '', '0000-00-00', 4, '0000-00-00 00:00:00', '0000-00-00 00:00:00', '', '', '', '', 10),
(73, '1330741', '133074', 1, 1, '2017-03-13', '0', '', 'IN01- Integration with Amdocs Provided script', '0000-00-00', 1, '', 1275.00, 0.00, 1275.00, '0000-00-00', '', '0000-00-00', '', '', '', '(5215)   MA', '', 'Pittsfield', '', 21, 0, '0000-00-00', '', '0000-00-00', 1, '0000-00-00 00:00:00', '0000-00-00 00:00:00', '', '', '', '', 10),
(74, '1330742', '133074', 2, 1, '2017-03-13', '0', '', 'RC01 - Card Install', '0000-00-00', 1, '', 260.00, 0.00, 260.00, '0000-00-00', '', '0000-00-00', '', '', '', '(5215)   MA', '', 'Pittsfield', '', 21, 0, '0000-00-00', '', '0000-00-00', 1, '0000-00-00 00:00:00', '0000-00-00 00:00:00', '', '', '', '', 10),
(75, '1330743', '133074', 3, 1, '2017-03-13', '0', '', 'TS41 - NEA Testing', '0000-00-00', 1, '', 259.00, 0.00, 259.00, '0000-00-00', '', '0000-00-00', '', '', '', '(5215)   MA', '', 'Pittsfield', '', 21, 0, '0000-00-00', '', '0000-00-00', 1, '0000-00-00 00:00:00', '0000-00-00 00:00:00', '', '', '', '', 10),
(76, '1330744', '133074', 4, 1, '2017-03-13', '0', '', 'TS42 - E911 with Integration', '0000-00-00', 1, '', 163.00, 0.00, 163.00, '0000-00-00', '', '0000-00-00', '', '', '', '(5215)   MA', '', 'Pittsfield', '', 21, 0, '0000-00-00', '', '0000-00-00', 1, '0000-00-00 00:00:00', '0000-00-00 00:00:00', '', '', '', '', 10),
(77, '1332361', '133236', 1, 1, '2017-03-16', '0', '', 'IN01- Integration with Amdocs provided script', '0000-00-00', 1, '', 1275.00, 0.00, 1275.00, '0000-00-00', '', '0000-00-00', '', '', '', '(4187)   RI', '', 'Narragansett', '', 21, 0, '0000-00-00', '', '0000-00-00', 1, '0000-00-00 00:00:00', '0000-00-00 00:00:00', '', '', '', '', 10),
(78, '1332362', '133236', 2, 1, '2017-03-16', '0', '', 'RC01- Card Install', '0000-00-00', 1, '', 260.00, 0.00, 260.00, '0000-00-00', '', '0000-00-00', '', '', '', '(4187)   RI', '', 'Narragansett', '', 21, 0, '0000-00-00', '', '0000-00-00', 1, '0000-00-00 00:00:00', '0000-00-00 00:00:00', '', '', '', '', 10),
(79, '1332363', '133236', 3, 1, '2017-03-16', '0', '', 'TS41- NEA Testing', '0000-00-00', 1, '', 259.00, 0.00, 259.00, '0000-00-00', '', '0000-00-00', '', '', '', '(4187)   RI', '', 'Narragansett', '', 21, 0, '0000-00-00', '', '0000-00-00', 1, '0000-00-00 00:00:00', '0000-00-00 00:00:00', '', '', '', '', 10),
(80, '1332364', '133236', 4, 1, '2017-03-16', '0', '', 'TS42- E911 with Integration', '0000-00-00', 1, '', 163.00, 0.00, 163.00, '0000-00-00', '', '0000-00-00', '', '', '', '(4187)   RI', '', 'Narragansett', '', 21, 0, '0000-00-00', '', '0000-00-00', 1, '0000-00-00 00:00:00', '0000-00-00 00:00:00', '', '', '', '', 10),
(81, '129076.4469.80561', '129076.4469.8056', 1, 6, '2017-02-15', '1', '', ' IN07-T3 INX: Load ATT/MPC Script and Integrate*  UMTS and LTE/VoLTE* Each add''l carrier', '0000-00-00', 1, '', 663.00, 0.00, 663.00, '0000-00-00', '', '0000-00-00', '', '', '', '129076', '', 'MRANM013702', '', 19, 14, '0000-00-00', '', '0000-00-00', 4, '0000-00-00 00:00:00', '0000-00-00 00:00:00', '', '', '', '', 8),
(82, '129076.4469.80562', '129076.4469.8056', 2, 6, '2017-02-15', '1', '', ' RC03-T3 INX: Card Swap', '0000-00-00', 1, '', 459.00, 0.00, 459.00, '0000-00-00', '', '0000-00-00', '', '', '', '129076', '', 'MRANM013702', '', 19, 14, '0000-00-00', '', '0000-00-00', 4, '0000-00-00 00:00:00', '0000-00-00 00:00:00', '', '', '', '', 8),
(83, '129076.4469.80563', '129076.4469.8056', 3, 6, '2017-02-15', '1', '', ' TS42-T3 INX: E911 Testing*Concurrent with  Integration', '0000-00-00', 1, '', 163.00, 0.00, 163.00, '0000-00-00', '', '0000-00-00', '', '', '', '129076', '', 'MRANM013702', '', 19, 14, '0000-00-00', '', '0000-00-00', 4, '0000-00-00 00:00:00', '0000-00-00 00:00:00', '', '', '', '', 8),
(84, '129076.4469.80564', '129076.4469.8056', 4, 6, '2017-02-15', '1', '', ' Rev.1 SP04-T3 INX: Return Trip Required *  General', '0000-00-00', 1, '', 357.00, 0.00, 357.00, '0000-00-00', '', '0000-00-00', '', '', '', '129076', '', 'MRANM013702', '', 19, 14, '0000-00-00', '', '0000-00-00', 4, '0000-00-00 00:00:00', '0000-00-00 00:00:00', '', '', '', '', 8),
(85, '129076.4469.80571', '129076.4469.8057', 1, 6, '2017-02-15', '1', '', ' IN07-T3 INX: Load ATT/MPC Script and Integrate*  UMTS and LTE/VoLTE* Each add''l carrier', '0000-00-00', 1, '', 663.00, 0.00, 663.00, '0000-00-00', '', '0000-00-00', '', '', '', '129076', '', 'MRANM013693', '', 19, 15, '0000-00-00', '', '0000-00-00', 4, '0000-00-00 00:00:00', '0000-00-00 00:00:00', '', '', '', '', 8),
(86, '129076.4469.80572', '129076.4469.8057', 2, 6, '2017-02-15', '1', '', ' RC03-T3 INX: Card Swap', '0000-00-00', 1, '', 459.00, 0.00, 459.00, '0000-00-00', '', '0000-00-00', '', '', '', '129076', '', 'MRANM013693', '', 19, 15, '0000-00-00', '', '0000-00-00', 4, '0000-00-00 00:00:00', '0000-00-00 00:00:00', '', '', '', '', 8),
(87, '129076.4469.80573', '129076.4469.8057', 3, 6, '2017-02-15', '1', '', ' TS42-T3 INX: E911 Testing*Concurrent with  Integration', '0000-00-00', 1, '', 163.00, 0.00, 163.00, '0000-00-00', '', '0000-00-00', '', '', '', '129076', '', 'MRANM013693', '', 19, 15, '0000-00-00', '', '0000-00-00', 4, '0000-00-00 00:00:00', '0000-00-00 00:00:00', '', '', '', '', 8),
(88, '129076.4469.80574', '129076.4469.8057', 4, 6, '2017-02-15', '1', '', ' Rev.1 SP04-T3 INX: Return Trip Required * General ', '0000-00-00', 2, '', 357.00, 0.00, 714.00, '0000-00-00', '', '0000-00-00', '', '', '', '129076', '', 'MRANM013693', '', 19, 15, '0000-00-00', '', '0000-00-00', 4, '0000-00-00 00:00:00', '0000-00-00 00:00:00', '', '', '', '', 8),
(89, '129076.4469.80591', '129076.4469.8059', 1, 6, '2017-02-15', '1', '', ' IN07-T3 INX: Load ATT/MPC Script and Integrate*  UMTS and LTE/VoLTE* Each add''l carrier', '0000-00-00', 1, '', 663.00, 0.00, 663.00, '0000-00-00', '', '0000-00-00', '', '', '', '129076', '', 'MRANM013717', '', 19, 16, '0000-00-00', '', '0000-00-00', 4, '0000-00-00 00:00:00', '0000-00-00 00:00:00', '', '', '', '', 8),
(90, '129076.4469.80592', '129076.4469.8059', 2, 6, '2017-02-15', '1', '', ' RC03-T3 INX: Card Swap', '0000-00-00', 1, '', 459.00, 0.00, 459.00, '0000-00-00', '', '0000-00-00', '', '', '', '129076', '', 'MRANM013717', '', 19, 16, '0000-00-00', '', '0000-00-00', 4, '0000-00-00 00:00:00', '0000-00-00 00:00:00', '', '', '', '', 8),
(91, '129076.4469.80593', '129076.4469.8059', 3, 6, '2017-02-15', '1', '', ' TS42-T3 INX: E911 Testing*Concurrent with  Integration', '0000-00-00', 1, '', 163.00, 0.00, 163.00, '0000-00-00', '', '0000-00-00', '', '', '', '129076', '', 'MRANM013717', '', 19, 16, '0000-00-00', '', '0000-00-00', 4, '0000-00-00 00:00:00', '0000-00-00 00:00:00', '', '', '', '', 8),
(92, '129076.4469.80594', '129076.4469.8059', 4, 6, '2017-02-15', '1', '', ' Rev.1 SP11-T3 INX: Troubleshooting & Downtimes Caused By AT&T ', '0000-00-00', 6, '', 100.00, 0.00, 600.00, '0000-00-00', '', '0000-00-00', '', '', '', '129076', '', 'MRANM013717', '', 19, 16, '0000-00-00', '', '0000-00-00', 4, '0000-00-00 00:00:00', '0000-00-00 00:00:00', '', '', '', '', 8),
(93, '129076.4469.80601', '129076.4469.8060', 1, 6, '2017-02-15', '1', '', ' IN07-T3 INX: Load ATT/MPC Script and Integrate*  UMTS and LTE/VoLTE* Each add''l carrier ', '0000-00-00', 1, '', 663.00, 0.00, 0.00, '0000-00-00', '', '0000-00-00', '', '', '', '129076', '', 'MRANM013572', '', 19, 0, '0000-00-00', '', '0000-00-00', 3, '0000-00-00 00:00:00', '0000-00-00 00:00:00', '', '', '', '', 8),
(94, '129076.4469.80602', '129076.4469.8060', 2, 6, '2017-02-15', '1', '', ' RC03-T3 INX: Card Swap', '0000-00-00', 1, '', 459.00, 0.00, 459.00, '0000-00-00', '', '0000-00-00', '', '', '', '129076', '', 'MRANM013572', '', 19, 17, '0000-00-00', '', '0000-00-00', 4, '0000-00-00 00:00:00', '0000-00-00 00:00:00', '', '', '', '', 8),
(95, '129076.4469.80603', '129076.4469.8060', 3, 6, '2017-02-15', '1', '', ' TS42-T3 INX: E911 Testing*Concurrent with  Integration', '0000-00-00', 1, '', 163.00, 0.00, 163.00, '0000-00-00', '', '0000-00-00', '', '', '', '129076', '', 'MRANM013572', '', 19, 17, '0000-00-00', '', '0000-00-00', 4, '0000-00-00 00:00:00', '0000-00-00 00:00:00', '', '', '', '', 8),
(99, '129076.4469.80611', '129076.4469.8061', 1, 6, '2017-05-16', '0', '', ' IN07-T3 INX: Load ATT/MPC Script and Integrate* UMTS and LTE/VoLTE* Each add''l carrier ', '0000-00-00', 1, '', 663.00, 0.00, 663.00, '0000-00-00', '', '0000-00-00', '', '', '', '129076', '', 'MRANM013586', '', 19, 18, '0000-00-00', '', '0000-00-00', 4, '0000-00-00 00:00:00', '0000-00-00 00:00:00', '', '', '', '', 8),
(100, '129076.4469.80612', '129076.4469.8061', 2, 6, '2017-05-16', '0', '', ' RC03-T3 INX: Card Swap', '0000-00-00', 1, '', 459.00, 0.00, 459.00, '0000-00-00', '', '0000-00-00', '', '', '', '129076', '', 'MRANM013586', '', 19, 18, '0000-00-00', '', '0000-00-00', 4, '0000-00-00 00:00:00', '0000-00-00 00:00:00', '', '', '', '', 8),
(101, '129076.4469.80613', '129076.4469.8061', 3, 6, '2017-05-16', '0', '', ' TS42-T3 INX: E911 Testing*Concurrent with Integration ', '0000-00-00', 1, '', 163.00, 0.00, 163.00, '0000-00-00', '', '0000-00-00', '', '', '', '129076', '', 'MRANM013586', '', 19, 18, '0000-00-00', '', '0000-00-00', 4, '0000-00-00 00:00:00', '0000-00-00 00:00:00', '', '', '', '', 8),
(102, '129076.4469.80781', '129076.4469.8078', 1, 6, '2017-05-10', '0', '', ' IN06-T3 INX: Load ATT/MPC Provided Script and  Integrate* UMTS and LTE/VoLTE* NSB1C', '0000-00-00', 1, '', 0.00, 0.00, 0.00, '0000-00-00', '', '0000-00-00', '', '', '', '129076', '', 'MRANM013753', '', 19, 0, '0000-00-00', '', '0000-00-00', 3, '0000-00-00 00:00:00', '0000-00-00 00:00:00', '', '', '', '', 8),
(103, '129076.4469.80782', '129076.4469.8078', 2, 6, '2017-05-10', '0', '', ' RC03-T3 INX: Card Swap', '0000-00-00', 1, '', 0.00, 0.00, 0.00, '0000-00-00', '', '0000-00-00', '', '', '', '129076', '', 'MRANM013753', '', 19, 0, '0000-00-00', '', '0000-00-00', 3, '0000-00-00 00:00:00', '0000-00-00 00:00:00', '', '', '', '', 8),
(104, '129076.4469.80783', '129076.4469.8078', 3, 6, '2017-05-10', '0', '', ' SP11-T3 INX: Troubleshooting & Downtimes  Caused By AT&T', '0000-00-00', 2, '', 0.00, 0.00, 0.00, '0000-00-00', '', '0000-00-00', '', '', '', '129076', '', 'MRANM013753', '', 19, 0, '0000-00-00', '', '0000-00-00', 3, '0000-00-00 00:00:00', '0000-00-00 00:00:00', '', '', '', '', 8),
(105, '129076.4469.80784', '129076.4469.8078', 4, 6, '2017-05-10', '0', '', ' TS42-T3 INX: E911 Testing*Concurrent with  Integration', '0000-00-00', 1, '', 0.00, 0.00, 0.00, '0000-00-00', '', '0000-00-00', '', '', '', '129076', '', 'MRANM013753', '', 19, 0, '0000-00-00', '', '0000-00-00', 3, '0000-00-00 00:00:00', '0000-00-00 00:00:00', '', '', '', '', 8),
(106, '129076.4469.80785', '129076.4469.8078', 5, 6, '2017-05-10', '0', '', ' INITIAL PAYMENT', '0000-00-00', 1, '', 533.70, 0.00, 533.70, '0000-00-00', '', '0000-00-00', '', '', '', '129076', '', 'MRANM013753', '', 19, 19, '0000-00-00', '', '0000-00-00', 4, '0000-00-00 00:00:00', '0000-00-00 00:00:00', '', '', '', '', 8),
(107, '129076.4469.80786', '129076.4469.8078', 6, 6, '2017-05-10', '0', '', ' INTERMEDIATE PAYMENT', '0000-00-00', 1, '', 711.60, 0.00, 711.60, '0000-00-00', '', '0000-00-00', '', '', '', '129076', '', 'MRANM013753', '', 19, 19, '0000-00-00', '', '0000-00-00', 4, '0000-00-00 00:00:00', '0000-00-00 00:00:00', '', '', '', '', 8),
(108, '129076.4469.80787', '129076.4469.8078', 7, 6, '2017-05-10', '0', '', ' FINAL PAYMENT', '0000-00-00', 1, '', 533.70, 0.00, 533.70, '0000-00-00', '', '0000-00-00', '', '', '', '129076', '', 'MRANM013753', '', 19, 19, '0000-00-00', '', '0000-00-00', 4, '0000-00-00 00:00:00', '0000-00-00 00:00:00', '', '', '', '', 8),
(109, '129076.4469.80801', '129076.4469.8080', 1, 6, '2017-05-25', '0', '', ' IN06-T3 INX: Load ATT/MPC Provided Script and  Integrate* UMTS and LTE/VoLTE* NSB1C', '0000-00-00', 1, '', 957.00, 0.00, 957.00, '0000-00-00', '', '0000-00-00', '', '', '', '129076', '', 'MRANM013798', '', 19, 20, '0000-00-00', '', '0000-00-00', 4, '0000-00-00 00:00:00', '0000-00-00 00:00:00', '', '', '', '', 8),
(110, '129076.4469.80802', '129076.4469.8080', 2, 6, '2017-05-25', '0', '', ' SP11-T3 INX: Troubleshooting & Downtimes  Caused By AT&T', '0000-00-00', 4, '', 100.00, 0.00, 400.00, '0000-00-00', '', '0000-00-00', '', '', '', '129076', '', 'MRANM013798', '', 19, 20, '0000-00-00', '', '0000-00-00', 4, '0000-00-00 00:00:00', '0000-00-00 00:00:00', '', '', '', '', 8),
(111, '129076.4469.80803', '129076.4469.8080', 3, 6, '2017-05-25', '0', '', ' TS42-T3 INX: E911 Testing*Concurrent with  Integration', '0000-00-00', 1, '', 163.00, 0.00, 163.00, '0000-00-00', '', '0000-00-00', '', '', '', '129076', '', 'MRANM013798', '', 19, 20, '0000-00-00', '', '0000-00-00', 4, '0000-00-00 00:00:00', '0000-00-00 00:00:00', '', '', '', '', 8),
(112, '129076.4469.80891', '129076.4469.8089', 1, 6, '2017-05-30', '0', '', ' IN06-T3 INX: Load ATT/MPC Provided Script and  Integrate* UMTS and LTE/VoLTE* NSB1C', '0000-00-00', 1, '', 957.00, 0.00, 957.00, '0000-00-00', '', '0000-00-00', '', '', '', '129076', '', 'MRANM013797', '', 19, 21, '0000-00-00', '', '0000-00-00', 4, '0000-00-00 00:00:00', '0000-00-00 00:00:00', '', '', '', '', 8),
(113, '129076.4469.80892', '129076.4469.8089', 2, 6, '2017-05-30', '0', '', ' RC03-T3 INX: Card Swap', '0000-00-00', 1, '', 459.00, 0.00, 459.00, '0000-00-00', '', '0000-00-00', '', '', '', '129076', '', 'MRANM013797', '', 19, 21, '0000-00-00', '', '0000-00-00', 4, '0000-00-00 00:00:00', '0000-00-00 00:00:00', '', '', '', '', 8),
(114, '129076.4469.80893', '129076.4469.8089', 3, 6, '2017-05-30', '0', '', ' TS42-T3 INX: E911 Testing*Concurrent with  Integration', '0000-00-00', 1, '', 163.00, 0.00, 163.00, '0000-00-00', '', '0000-00-00', '', '', '', '129076', '', 'MRANM013797', '', 19, 21, '0000-00-00', '', '0000-00-00', 4, '0000-00-00 00:00:00', '0000-00-00 00:00:00', '', '', '', '', 8),
(115, '129076.4469.80901', '129076.4469.8090', 1, 6, '2017-05-10', '0', '', ' IN06-T3 INX: Load ATT/MPC Provided Script and  Integrate* UMTS and LTE/VoLTE* NSB1C', '0000-00-00', 1, '', 0.00, 0.00, 0.00, '0000-00-00', '', '0000-00-00', '', '', '', '129076', '', 'MRANM013669', '', 19, 0, '0000-00-00', '', '0000-00-00', 3, '0000-00-00 00:00:00', '0000-00-00 00:00:00', '', '', '', '', 8),
(116, '129076.4469.80902', '129076.4469.8090', 2, 6, '2017-05-10', '0', '', ' RC03-T3 INX: Card Swap', '0000-00-00', 1, '', 0.00, 0.00, 0.00, '0000-00-00', '', '0000-00-00', '', '', '', '129076', '', 'MRANM013669', '', 19, 0, '0000-00-00', '', '0000-00-00', 3, '0000-00-00 00:00:00', '0000-00-00 00:00:00', '', '', '', '', 8),
(117, '129076.4469.80903', '129076.4469.8090', 3, 6, '2017-05-10', '0', '', ' SP11-T3 INX: Troubleshooting & Downtimes  Caused By AT&T', '0000-00-00', 1, '', 0.00, 0.00, 0.00, '0000-00-00', '', '0000-00-00', '', '', '', '129076', '', 'MRANM013669', '', 19, 0, '0000-00-00', '', '0000-00-00', 3, '0000-00-00 00:00:00', '0000-00-00 00:00:00', '', '', '', '', 8),
(118, '129076.4469.80904', '129076.4469.8090', 4, 6, '2017-05-10', '0', '', ' TS42-T3 INX: E911 Testing*Concurrent with Integration ', '0000-00-00', 1, '', 0.00, 0.00, 0.00, '0000-00-00', '', '0000-00-00', '', '', '', '129076', '', 'MRANM013669', '', 19, 0, '0000-00-00', '', '0000-00-00', 3, '0000-00-00 00:00:00', '0000-00-00 00:00:00', '', '', '', '', 8),
(119, '129076.4469.80905', '129076.4469.8090', 5, 6, '2017-05-10', '0', '', ' INITIAL PAYMENT', '0000-00-00', 1, '', 503.70, 0.00, 503.70, '0000-00-00', '', '0000-00-00', '', '', '', '129076', '', 'MRANM013669', '', 19, 22, '0000-00-00', '', '0000-00-00', 4, '0000-00-00 00:00:00', '0000-00-00 00:00:00', '', '', '', '', 8),
(120, '129076.4469.80906', '129076.4469.8090', 6, 6, '2017-05-10', '0', '', ' INTERMEDIATE PAYMENT', '0000-00-00', 1, '', 671.60, 0.00, 671.60, '0000-00-00', '', '0000-00-00', '', '', '', '129076', '', 'MRANM013669', '', 19, 22, '0000-00-00', '', '0000-00-00', 4, '0000-00-00 00:00:00', '0000-00-00 00:00:00', '', '', '', '', 8),
(121, '129076.4469.80907', '129076.4469.8090', 7, 6, '2017-05-10', '0', '', ' FINAL PAYMENT', '0000-00-00', 1, '', 503.70, 0.00, 503.70, '0000-00-00', '', '0000-00-00', '', '', '', '129076', '', 'MRANM013669', '', 19, 22, '0000-00-00', '', '0000-00-00', 4, '0000-00-00 00:00:00', '0000-00-00 00:00:00', '', '', '', '', 8),
(122, '129076.4469.80911', '129076.4469.8091', 1, 6, '2017-05-16', '0', '', ' IN07-T3 INX: Load ATT/MPC Script and Integrate* UMTS and LTE/VoLTE* Each add''l carrier ', '0000-00-00', 1, '', 663.00, 0.00, 663.00, '0000-00-00', '', '0000-00-00', '', '', '', '129076', '', 'MRANM013647', '', 19, 23, '0000-00-00', '', '0000-00-00', 4, '0000-00-00 00:00:00', '0000-00-00 00:00:00', '', '', '', '', 8),
(123, '129076.4469.80912', '129076.4469.8091', 2, 6, '2017-05-16', '0', '', ' RC03-T3 INX: Card Swap', '0000-00-00', 1, '', 459.00, 0.00, 459.00, '0000-00-00', '', '0000-00-00', '', '', '', '129076', '', 'MRANM013647', '', 19, 23, '0000-00-00', '', '0000-00-00', 4, '0000-00-00 00:00:00', '0000-00-00 00:00:00', '', '', '', '', 8),
(124, '129076.4469.80913', '129076.4469.8091', 3, 6, '2017-05-16', '0', '', ' SP11-T3 INX: Troubleshooting & Downtimes Caused By AT&T ', '0000-00-00', 6, '', 100.00, 0.00, 600.00, '0000-00-00', '', '0000-00-00', '', '', '', '129076', '', 'MRANM013647', '', 19, 23, '0000-00-00', '', '0000-00-00', 4, '0000-00-00 00:00:00', '0000-00-00 00:00:00', '', '', '', '', 8),
(125, '129076.4469.80914', '129076.4469.8091', 4, 6, '2017-05-16', '0', '', ' TS42-T3 INX: E911 Testing*Concurrent with Integration ', '0000-00-00', 1, '', 163.00, 0.00, 163.00, '0000-00-00', '', '0000-00-00', '', '', '', '129076', '', 'MRANM013647', '', 19, 23, '0000-00-00', '', '0000-00-00', 4, '0000-00-00 00:00:00', '0000-00-00 00:00:00', '', '', '', '', 8),
(126, '129076.4469.80921', '129076.4469.8092', 1, 6, '2017-06-09', '0', '', ' IN06-T3 INX: Load ATT/MPC Provided Script and  Integrate* UMTS and LTE/VoLTE* NSB1C', '0000-00-00', 1, '', 957.00, 0.00, 957.00, '0000-00-00', '', '0000-00-00', '', '', '', '129076', '', 'MRANM014335', '', 19, 24, '0000-00-00', '', '0000-00-00', 4, '0000-00-00 00:00:00', '0000-00-00 00:00:00', '', '', '', '', 8),
(127, '129076.4469.80922', '129076.4469.8092', 2, 6, '2017-06-09', '0', '', ' RC03-T3 INX: Card Swap', '0000-00-00', 1, '', 459.00, 0.00, 459.00, '0000-00-00', '', '0000-00-00', '', '', '', '129076', '', 'MRANM014335', '', 19, 24, '0000-00-00', '', '0000-00-00', 4, '0000-00-00 00:00:00', '0000-00-00 00:00:00', '', '', '', '', 8),
(128, '129076.4469.80923', '129076.4469.8092', 3, 6, '2017-06-09', '0', '', ' SP11-T3 INX: Troubleshooting & Downtimes  Caused By AT&T', '0000-00-00', 1, '', 800.00, 0.00, 800.00, '0000-00-00', '', '0000-00-00', '', '', '', '129076', '', 'MRANM014335', '', 19, 24, '0000-00-00', '', '0000-00-00', 4, '0000-00-00 00:00:00', '0000-00-00 00:00:00', '', '', '', '', 8),
(129, '129076.4469.80924', '129076.4469.8092', 4, 6, '2017-06-09', '0', '', ' TS42-T3 INX: E911 Testing*Concurrent with  Integration', '0000-00-00', 1, '', 163.00, 0.00, 163.00, '0000-00-00', '', '0000-00-00', '', '', '', '129076', '', 'MRANM014335', '', 19, 24, '0000-00-00', '', '0000-00-00', 4, '0000-00-00 00:00:00', '0000-00-00 00:00:00', '', '', '', '', 8),
(130, '129076.4469.80931', '129076.4469.8093', 1, 6, '2017-05-25', '0', '', ' IN06-T3 INX: Load ATT/MPC Provided Script and  Integrate* UMTS and LTE/VoLTE* NSB1C', '0000-00-00', 1, '', 957.00, 0.00, 957.00, '0000-00-00', '', '0000-00-00', '', '', '', '129076', '', 'MRANM013611', '', 19, 25, '0000-00-00', '', '0000-00-00', 4, '0000-00-00 00:00:00', '0000-00-00 00:00:00', '', '', '', '', 8),
(131, '129076.4469.80932', '129076.4469.8093', 2, 6, '2017-05-25', '0', '', ' TS42-T3 INX: E911 Testing*Concurrent with  Integration', '0000-00-00', 1, '', 163.00, 0.00, 163.00, '0000-00-00', '', '0000-00-00', '', '', '', '129076', '', 'MRANM013611', '', 19, 0, '0000-00-00', '', '0000-00-00', 1, '0000-00-00 00:00:00', '0000-00-00 00:00:00', '', '', '', '', 8),
(132, '129076.4469.80951', '129076.4469.8095', 1, 6, '2017-06-09', '0', '', ' IN06-T3 INX: Load ATT/MPC Provided Script and  Integrate* UMTS and LTE/VoLTE* NSB1C', '0000-00-00', 1, '', 957.00, 0.00, 957.00, '0000-00-00', '', '0000-00-00', '', '', '', '129076', '', 'MRANM013623', '', 19, 0, '0000-00-00', '', '0000-00-00', 1, '0000-00-00 00:00:00', '0000-00-00 00:00:00', '', '', '', '', 8),
(133, '129076.4469.80952', '129076.4469.8095', 2, 6, '2017-06-09', '0', '', ' RC03-T3 INX: Card Swap', '0000-00-00', 1, '', 459.00, 0.00, 459.00, '0000-00-00', '', '0000-00-00', '', '', '', '129076', '', 'MRANM013623', '', 19, 0, '0000-00-00', '', '0000-00-00', 1, '0000-00-00 00:00:00', '0000-00-00 00:00:00', '', '', '', '', 8),
(134, '129076.4469.80953', '129076.4469.8095', 3, 6, '2017-06-09', '0', '', ' TS42-T3 INX: E911 Testing*Concurrent with  Integration', '0000-00-00', 1, '', 163.00, 0.00, 163.00, '0000-00-00', '', '0000-00-00', '', '', '', '129076', '', 'MRANM013623', '', 19, 0, '0000-00-00', '', '0000-00-00', 1, '0000-00-00 00:00:00', '0000-00-00 00:00:00', '', '', '', '', 8),
(135, '129076.4469.80961', '129076.4469.8096', 1, 6, '2017-05-22', '0', '', ' IN01-T3-A-Script Creation and Integration* UMTS  and LTE/VoLTE* NSB1C  AMDOCS', '0000-00-00', 1, '', 0.00, 0.00, 0.00, '0000-00-00', '', '0000-00-00', '', '', '', '129076', '', 'BOSWELL BOULEVARD', '', 19, 0, '0000-00-00', '', '0000-00-00', 3, '0000-00-00 00:00:00', '0000-00-00 00:00:00', '', '', '', '', 8),
(136, '129076.4469.80962', '129076.4469.8096', 2, 6, '2017-05-22', '0', '', ' RC03-T3-A-Card Swap AMDOCS', '0000-00-00', 1, '', 0.00, 0.00, 0.00, '0000-00-00', '', '0000-00-00', '', '', '', '129076', '', 'BOSWELL BOULEVARD', '', 19, 0, '0000-00-00', '', '0000-00-00', 3, '0000-00-00 00:00:00', '0000-00-00 00:00:00', '', '', '', '', 8),
(137, '129076.4469.80963', '129076.4469.8096', 3, 6, '2017-05-22', '0', '', ' TS42-T3-A-E911 Testing*Concurrent with Integration AMDOCS ', '0000-00-00', 1, '', 0.00, 0.00, 0.00, '0000-00-00', '', '0000-00-00', '', '', '', '129076', '', 'BOSWELL BOULEVARD', '', 19, 0, '0000-00-00', '', '0000-00-00', 3, '0000-00-00 00:00:00', '0000-00-00 00:00:00', '', '', '', '', 8),
(138, '129076.4469.80964', '129076.4469.8096', 4, 6, '2017-05-22', '0', '', ' INITIAL PAYMENT', '0000-00-00', 1, '', 571.20, 0.00, 571.20, '0000-00-00', '', '0000-00-00', '', '', '', '129076', '', 'BOSWELL BOULEVARD', '', 19, 0, '0000-00-00', '', '0000-00-00', 1, '0000-00-00 00:00:00', '0000-00-00 00:00:00', '', '', '', '', 8),
(139, '129076.4469.80965', '129076.4469.8096', 5, 6, '2017-05-22', '0', '', ' INTERMEDIATE PAYMENT', '0000-00-00', 1, '', 761.60, 0.00, 761.60, '0000-00-00', '', '0000-00-00', '', '', '', '129076', '', 'BOSWELL BOULEVARD', '', 19, 0, '0000-00-00', '', '0000-00-00', 1, '0000-00-00 00:00:00', '0000-00-00 00:00:00', '', '', '', '', 8),
(140, '129076.4469.80966', '129076.4469.8096', 6, 6, '2017-05-22', '0', '', ' FINAL PAYMENT', '0000-00-00', 1, '', 571.20, 0.00, 571.20, '0000-00-00', '', '0000-00-00', '', '', '', '129076', '', 'BOSWELL BOULEVARD', '', 19, 0, '0000-00-00', '', '0000-00-00', 1, '0000-00-00 00:00:00', '0000-00-00 00:00:00', '', '', '', '', 8),
(141, '129076.4469.80981', '129076.4469.8098', 1, 6, '2017-05-22', '0', '', ' IN06-T3 INX: Load ATT/MPC Provided Script and Integrate* UMTS and LTE/VoLTE* NSB1C ', '0000-00-00', 1, '', 957.00, 0.00, 957.00, '0000-00-00', '', '0000-00-00', '', '', '', '129076', '', 'MRANM013756', '', 19, 0, '0000-00-00', '', '0000-00-00', 1, '0000-00-00 00:00:00', '0000-00-00 00:00:00', '', '', '', '', 8),
(142, '129076.4469.80982', '129076.4469.8098', 2, 6, '2017-05-22', '0', '', ' RC03-T3 INX: Card Swap', '0000-00-00', 1, '', 459.00, 0.00, 459.00, '0000-00-00', '', '0000-00-00', '', '', '', '129076', '', 'MRANM013756', '', 19, 0, '0000-00-00', '', '0000-00-00', 1, '0000-00-00 00:00:00', '0000-00-00 00:00:00', '', '', '', '', 8),
(143, '129076.4469.80983', '129076.4469.8098', 3, 6, '2017-05-22', '0', '', ' SP11-T3 INX: Troubleshooting & Downtimes Caused By AT&T ', '0000-00-00', 4, '', 100.00, 0.00, 400.00, '0000-00-00', '', '0000-00-00', '', '', '', '129076', '', 'MRANM013756', '', 19, 0, '0000-00-00', '', '0000-00-00', 1, '0000-00-00 00:00:00', '0000-00-00 00:00:00', '', '', '', '', 8),
(144, '129076.4469.80984', '129076.4469.8098', 4, 6, '2017-05-22', '0', '', ' TS42-T3 INX: E911 Testing*Concurrent with Integration ', '0000-00-00', 1, '', 163.00, 0.00, 163.00, '0000-00-00', '', '0000-00-00', '', '', '', '129076', '', 'MRANM013756', '', 19, 0, '0000-00-00', '', '0000-00-00', 1, '0000-00-00 00:00:00', '0000-00-00 00:00:00', '', '', '', '', 8),
(145, '21670613991', '2167061399', 1, 4, '2017-06-13', '0', '', 'IN01-T3', '0000-00-00', 1, '', 1275.00, 0.00, 1275.00, '0000-00-00', '', '0000-00-00', '', '', '', '2352A06HQ6', '', '10068631-CV305', '', 22, 0, '0000-00-00', '', '0000-00-00', 1, '0000-00-00 00:00:00', '0000-00-00 00:00:00', '', '', '', '', 10),
(146, '21670613992', '2167061399', 2, 4, '2017-06-13', '0', '', 'IN03-T3', '0000-00-00', 1, '', 500.00, 0.00, 500.00, '0000-00-00', '', '0000-00-00', '', '', '', '2352A06HQ6', '', '10068631-CV305', '', 22, 0, '0000-00-00', '', '0000-00-00', 1, '0000-00-00 00:00:00', '0000-00-00 00:00:00', '', '', '', '', 10),
(147, '21670613993', '2167061399', 3, 4, '2017-06-13', '0', '', 'RC01-T3', '0000-00-00', 1, '', 285.00, 0.00, 285.00, '0000-00-00', '', '0000-00-00', '', '', '', '2352A06HQ6', '', '10068631-CV305', '', 22, 0, '0000-00-00', '', '0000-00-00', 1, '0000-00-00 00:00:00', '0000-00-00 00:00:00', '', '', '', '', 10),
(148, '21670612641', '2167061264', 1, 4, '2017-06-12', '0', '', 'IN01', '0000-00-00', 1, '', 1275.00, 0.00, 1275.00, '0000-00-00', '', '0000-00-00', '', '', '', '2352A06BBY', '', '10122486-CV320', '', 22, 0, '0000-00-00', '', '0000-00-00', 1, '0000-00-00 00:00:00', '0000-00-00 00:00:00', '', '', '', '', 10),
(149, '21670612642', '2167061264', 2, 4, '2017-06-12', '0', '', 'IN03', '0000-00-00', 1, '', 500.00, 0.00, 500.00, '0000-00-00', '', '0000-00-00', '', '', '', '2352A06BBY', '', '10122486-CV320', '', 22, 26, '0000-00-00', '', '0000-00-00', 4, '0000-00-00 00:00:00', '0000-00-00 00:00:00', '', '', '', '', 10),
(150, '21670612643', '2167061264', 3, 4, '2017-06-12', '0', '', 'RC01', '0000-00-00', 1, '', 285.00, 0.00, 285.00, '0000-00-00', '', '0000-00-00', '', '', '', '2352A06BBY', '', '10122486-CV320', '', 22, 26, '0000-00-00', '', '0000-00-00', 4, '0000-00-00 00:00:00', '0000-00-00 00:00:00', '', '', '', '', 10),
(151, '21670612651', '2167061265', 1, 4, '2017-06-12', '0', '', 'IN01', '0000-00-00', 1, '', 1275.00, 0.00, 1275.00, '0000-00-00', '', '0000-00-00', '', '', '', '2352A06SSQ', '', '10068608-DA080', '', 22, 27, '0000-00-00', '', '0000-00-00', 4, '0000-00-00 00:00:00', '0000-00-00 00:00:00', '', '', '', '', 10),
(152, '21670612652', '2167061265', 2, 4, '2017-06-12', '0', '', 'IN03', '0000-00-00', 1, '', 500.00, 0.00, 500.00, '0000-00-00', '', '0000-00-00', '', '', '', '2352A06SSQ', '', '10068608-DA080', '', 22, 27, '0000-00-00', '', '0000-00-00', 4, '0000-00-00 00:00:00', '0000-00-00 00:00:00', '', '', '', '', 10);
INSERT INTO `am_tracker` (`tracker_id`, `po_line_rev`, `po_number`, `line`, `vendor`, `po_date`, `rev`, `part_no`, `description`, `delivery_date`, `qty`, `uco`, `unit_price`, `tax`, `amount`, `order_date`, `created_by`, `revision_date`, `revised_by`, `project_type`, `fa_code`, `site_name`, `project_no`, `supplier_no`, `terms`, `market`, `invoice_id`, `invoiced_date`, `invoiced_month`, `payment_date`, `status`, `upload_date`, `last_modified_date`, `last_modified_by`, `customer_name`, `file_name`, `pdf_name`, `region`) VALUES
(153, '21670612653', '2167061265', 3, 4, '2017-06-12', '0', '', 'RC01', '0000-00-00', 1, '', 285.00, 0.00, 285.00, '0000-00-00', '', '0000-00-00', '', '', '', '2352A06SSQ', '', '10068608-DA080', '', 22, 27, '0000-00-00', '', '0000-00-00', 4, '0000-00-00 00:00:00', '0000-00-00 00:00:00', '', '', '', '', 10),
(154, '21670612661', '2167061266', 1, 4, '2017-06-12', '0', '', 'IN01', '0000-00-00', 1, '', 1275.00, 0.00, 1275.00, '0000-00-00', '', '0000-00-00', '', '', '', '2352866011', '', '10069305-HB858', '', 22, 28, '0000-00-00', '', '0000-00-00', 4, '0000-00-00 00:00:00', '0000-00-00 00:00:00', '', '', '', '', 10),
(155, '21670612662', '2167061266', 2, 4, '2017-06-12', '0', '', 'IN03', '0000-00-00', 1, '', 500.00, 0.00, 500.00, '0000-00-00', '', '0000-00-00', '', '', '', '2352866011', '', '10069305-HB858', '', 22, 28, '0000-00-00', '', '0000-00-00', 4, '0000-00-00 00:00:00', '0000-00-00 00:00:00', '', '', '', '', 10),
(156, '21670612663', '2167061266', 3, 4, '2017-06-12', '0', '', 'RC01', '0000-00-00', 1, '', 285.00, 0.00, 285.00, '0000-00-00', '', '0000-00-00', '', '', '', '2352866011', '', '10069305-HB858', '', 22, 28, '0000-00-00', '', '0000-00-00', 4, '0000-00-00 00:00:00', '0000-00-00 00:00:00', '', '', '', '', 10),
(157, '21670614171', '2167061417', 1, 4, '2017-06-14', '0', '', 'IN01-T3', '0000-00-00', 1, '', 1275.00, 0.00, 1275.00, '0000-00-00', '', '0000-00-00', '', '', '', '2352A05WH2', '', '10069308-HB877', '', 22, 0, '0000-00-00', '', '0000-00-00', 1, '0000-00-00 00:00:00', '0000-00-00 00:00:00', '', '', '', '', 10),
(158, '21670614172', '2167061417', 2, 4, '2017-06-14', '0', '', 'IN02-T3', '0000-00-00', 1, '', 921.00, 0.00, 921.00, '0000-00-00', '', '0000-00-00', '', '', '', '2352A05WH2', '', '10069308-HB877', '', 22, 0, '0000-00-00', '', '0000-00-00', 1, '0000-00-00 00:00:00', '0000-00-00 00:00:00', '', '', '', '', 10),
(159, '21670614173', '2167061417', 3, 4, '2017-06-14', '0', '', 'IN03-T3', '0000-00-00', 1, '', 500.00, 0.00, 500.00, '0000-00-00', '', '0000-00-00', '', '', '', '2352A05WH2', '', '10069308-HB877', '', 22, 0, '0000-00-00', '', '0000-00-00', 1, '0000-00-00 00:00:00', '0000-00-00 00:00:00', '', '', '', '', 10),
(160, '21670614174', '2167061417', 4, 4, '2017-06-14', '0', '', 'RC01-T3', '0000-00-00', 1, '', 285.00, 0.00, 285.00, '0000-00-00', '', '0000-00-00', '', '', '', '2352A05WH2', '', '10069308-HB877', '', 22, 0, '0000-00-00', '', '0000-00-00', 1, '0000-00-00 00:00:00', '0000-00-00 00:00:00', '', '', '', '', 10),
(161, '21670612671', '2167061267', 1, 4, '2017-06-12', '0', '', 'IN01', '0000-00-00', 1, '', 1275.00, 0.00, 1275.00, '0000-00-00', '', '0000-00-00', '', '', '', '2352A06HHX', '', '10068811-NF002', '', 22, 29, '0000-00-00', '', '0000-00-00', 4, '0000-00-00 00:00:00', '0000-00-00 00:00:00', '', '', '', '', 10),
(162, '21670612672', '2167061267', 2, 4, '2017-06-12', '0', '', 'IN03', '0000-00-00', 1, '', 500.00, 0.00, 500.00, '0000-00-00', '', '0000-00-00', '', '', '', '2352A06HHX', '', '10068811-NF002', '', 22, 29, '0000-00-00', '', '0000-00-00', 4, '0000-00-00 00:00:00', '0000-00-00 00:00:00', '', '', '', '', 10),
(163, '21670612673', '2167061267', 3, 4, '2017-06-12', '0', '', 'RC01', '0000-00-00', 1, '', 285.00, 0.00, 285.00, '0000-00-00', '', '0000-00-00', '', '', '', '2352A06HHX', '', '10068811-NF002', '', 22, 29, '0000-00-00', '', '0000-00-00', 4, '0000-00-00 00:00:00', '0000-00-00 00:00:00', '', '', '', '', 10),
(164, '21670612681', '2167061268', 1, 4, '2017-06-12', '0', '', 'IN01', '0000-00-00', 1, '', 1275.00, 0.00, 1275.00, '0000-00-00', '', '0000-00-00', '', '', '', '2352A07P1V', '', '10068207-NF018', '', 22, 30, '0000-00-00', '', '0000-00-00', 4, '0000-00-00 00:00:00', '0000-00-00 00:00:00', '', '', '', '', 10),
(165, '21670612682', '2167061268', 2, 4, '2017-06-12', '0', '', 'IN03', '0000-00-00', 1, '', 500.00, 0.00, 500.00, '0000-00-00', '', '0000-00-00', '', '', '', '2352A07P1V', '', '10068207-NF018', '', 22, 30, '0000-00-00', '', '0000-00-00', 4, '0000-00-00 00:00:00', '0000-00-00 00:00:00', '', '', '', '', 10),
(166, '21670612683', '2167061268', 3, 4, '2017-06-12', '0', '', 'RC01', '0000-00-00', 1, '', 285.00, 0.00, 285.00, '0000-00-00', '', '0000-00-00', '', '', '', '2352A07P1V', '', '10068207-NF018', '', 22, 30, '0000-00-00', '', '0000-00-00', 4, '0000-00-00 00:00:00', '0000-00-00 00:00:00', '', '', '', '', 10),
(167, '21670612691', '2167061269', 1, 4, '2017-06-12', '0', '', 'IN01', '0000-00-00', 1, '', 1275.00, 0.00, 1275.00, '0000-00-00', '', '0000-00-00', '', '', '', '2352A06B9X', '', '10068019-NF023', '', 22, 31, '0000-00-00', '', '0000-00-00', 4, '0000-00-00 00:00:00', '0000-00-00 00:00:00', '', '', '', '', 10),
(168, '21670612692', '2167061269', 2, 4, '2017-06-12', '0', '', 'IN03', '0000-00-00', 1, '', 500.00, 0.00, 500.00, '0000-00-00', '', '0000-00-00', '', '', '', '2352A06B9X', '', '10068019-NF023', '', 22, 31, '0000-00-00', '', '0000-00-00', 4, '0000-00-00 00:00:00', '0000-00-00 00:00:00', '', '', '', '', 10),
(169, '21670612693', '2167061269', 3, 4, '2017-06-12', '0', '', 'RC01', '0000-00-00', 1, '', 285.00, 0.00, 285.00, '0000-00-00', '', '0000-00-00', '', '', '', '2352A06B9X', '', '10068019-NF023', '', 22, 31, '0000-00-00', '', '0000-00-00', 4, '0000-00-00 00:00:00', '0000-00-00 00:00:00', '', '', '', '', 10),
(170, '21670612701', '2167061270', 1, 4, '2017-06-12', '0', '', 'IN01', '0000-00-00', 1, '', 1275.00, 0.00, 1275.00, '0000-00-00', '', '0000-00-00', '', '', '', '2352A06HQ4', '', '10068080-NF038', '', 22, 32, '0000-00-00', '', '0000-00-00', 4, '0000-00-00 00:00:00', '0000-00-00 00:00:00', '', '', '', '', 10),
(171, '21670612702', '2167061270', 2, 4, '2017-06-12', '0', '', 'IN03', '0000-00-00', 1, '', 500.00, 0.00, 500.00, '0000-00-00', '', '0000-00-00', '', '', '', '2352A06HQ4', '', '10068080-NF038', '', 22, 32, '0000-00-00', '', '0000-00-00', 4, '0000-00-00 00:00:00', '0000-00-00 00:00:00', '', '', '', '', 10),
(172, '21670612703', '2167061270', 3, 4, '2017-06-12', '0', '', 'RC01', '0000-00-00', 1, '', 285.00, 0.00, 285.00, '0000-00-00', '', '0000-00-00', '', '', '', '2352A06HQ4', '', '10068080-NF038', '', 22, 32, '0000-00-00', '', '0000-00-00', 4, '0000-00-00 00:00:00', '0000-00-00 00:00:00', '', '', '', '', 10),
(173, '21670613971', '2167061397', 1, 4, '2017-06-13', '0', '', 'IN01-T3', '0000-00-00', 1, '', 1275.00, 0.00, 1275.00, '0000-00-00', '', '0000-00-00', '', '', '', '2352A06HQ2', '', '10067610-NF055', '', 22, 0, '0000-00-00', '', '0000-00-00', 1, '0000-00-00 00:00:00', '0000-00-00 00:00:00', '', '', '', '', 10),
(174, '21670613972', '2167061397', 2, 4, '2017-06-13', '0', '', 'IN03-T3', '0000-00-00', 1, '', 500.00, 0.00, 500.00, '0000-00-00', '', '0000-00-00', '', '', '', '2352A06HQ2', '', '10067610-NF055', '', 22, 0, '0000-00-00', '', '0000-00-00', 1, '0000-00-00 00:00:00', '0000-00-00 00:00:00', '', '', '', '', 10),
(175, '21670613973', '2167061397', 3, 4, '2017-06-13', '0', '', 'RC01-T3', '0000-00-00', 1, '', 285.00, 0.00, 285.00, '0000-00-00', '', '0000-00-00', '', '', '', '2352A06HQ2', '', '10067610-NF055', '', 22, 0, '0000-00-00', '', '0000-00-00', 1, '0000-00-00 00:00:00', '0000-00-00 00:00:00', '', '', '', '', 10),
(176, '21670613961', '2167061396', 1, 4, '2017-06-13', '0', '', 'IN01-T3', '0000-00-00', 1, '', 1275.00, 0.00, 1275.00, '0000-00-00', '', '0000-00-00', '', '', '', '2352A06HLF', '', '10067611-NF056', '', 22, 0, '0000-00-00', '', '0000-00-00', 1, '0000-00-00 00:00:00', '0000-00-00 00:00:00', '', '', '', '', 10),
(177, '21670613962', '2167061396', 2, 4, '2017-06-13', '0', '', 'IN03-T3', '0000-00-00', 1, '', 500.00, 0.00, 500.00, '0000-00-00', '', '0000-00-00', '', '', '', '2352A06HLF', '', '10067611-NF056', '', 22, 0, '0000-00-00', '', '0000-00-00', 1, '0000-00-00 00:00:00', '0000-00-00 00:00:00', '', '', '', '', 10),
(178, '21670613963', '2167061396', 3, 4, '2017-06-13', '0', '', 'RC01-T3', '0000-00-00', 1, '', 285.00, 0.00, 285.00, '0000-00-00', '', '0000-00-00', '', '', '', '2352A06HLF', '', '10067611-NF056', '', 22, 0, '0000-00-00', '', '0000-00-00', 1, '0000-00-00 00:00:00', '0000-00-00 00:00:00', '', '', '', '', 10),
(179, '21670612711', '2167061271', 1, 4, '2017-06-12', '0', '', 'IN01', '0000-00-00', 1, '', 1275.00, 0.00, 1275.00, '0000-00-00', '', '0000-00-00', '', '', '', '2352A0711W', '', '10067614-NF060', '', 22, 33, '0000-00-00', '', '0000-00-00', 4, '0000-00-00 00:00:00', '0000-00-00 00:00:00', '', '', '', '', 10),
(180, '21670612712', '2167061271', 2, 4, '2017-06-12', '0', '', 'IN03', '0000-00-00', 1, '', 500.00, 0.00, 500.00, '0000-00-00', '', '0000-00-00', '', '', '', '2352A0711W', '', '10067614-NF060', '', 22, 33, '0000-00-00', '', '0000-00-00', 4, '0000-00-00 00:00:00', '0000-00-00 00:00:00', '', '', '', '', 10),
(181, '21670612713', '2167061271', 3, 4, '2017-06-12', '0', '', 'RC01', '0000-00-00', 1, '', 285.00, 0.00, 285.00, '0000-00-00', '', '0000-00-00', '', '', '', '2352A0711W', '', '10067614-NF060', '', 22, 33, '0000-00-00', '', '0000-00-00', 4, '0000-00-00 00:00:00', '0000-00-00 00:00:00', '', '', '', '', 10),
(182, '21670612721', '2167061272', 1, 4, '2017-06-12', '0', '', 'IN01', '0000-00-00', 1, '', 1275.00, 0.00, 1275.00, '0000-00-00', '', '0000-00-00', '', '', '', '2352A02JL1', '', '10068129-NF082', '', 22, 34, '0000-00-00', '', '0000-00-00', 4, '0000-00-00 00:00:00', '0000-00-00 00:00:00', '', '', '', '', 10),
(183, '21670612722', '2167061272', 2, 4, '2017-06-12', '0', '', 'IN03', '0000-00-00', 1, '', 500.00, 0.00, 500.00, '0000-00-00', '', '0000-00-00', '', '', '', '2352A02JL1', '', '10068129-NF082', '', 22, 34, '0000-00-00', '', '0000-00-00', 4, '0000-00-00 00:00:00', '0000-00-00 00:00:00', '', '', '', '', 10),
(184, '21670612723', '2167061272', 3, 4, '2017-06-12', '0', '', 'RC01', '0000-00-00', 1, '', 285.00, 0.00, 285.00, '0000-00-00', '', '0000-00-00', '', '', '', '2352A02JL1', '', '10068129-NF082', '', 22, 34, '0000-00-00', '', '0000-00-00', 4, '0000-00-00 00:00:00', '0000-00-00 00:00:00', '', '', '', '', 10),
(185, '21670613951', '2167061395', 1, 4, '2017-06-13', '0', '', 'IN01-T3', '0000-00-00', 1, '', 1275.00, 0.00, 1275.00, '0000-00-00', '', '0000-00-00', '', '', '', '2352A07PS9', '', '10067627-NF091', '', 22, 0, '0000-00-00', '', '0000-00-00', 1, '0000-00-00 00:00:00', '0000-00-00 00:00:00', '', '', '', '', 10),
(186, '21670613952', '2167061395', 2, 4, '2017-06-13', '0', '', 'IN03-T3', '0000-00-00', 1, '', 500.00, 0.00, 500.00, '0000-00-00', '', '0000-00-00', '', '', '', '2352A07PS9', '', '10067627-NF091', '', 22, 0, '0000-00-00', '', '0000-00-00', 1, '0000-00-00 00:00:00', '0000-00-00 00:00:00', '', '', '', '', 10),
(187, '21670613953', '2167061395', 3, 4, '2017-06-13', '0', '', 'RC01-T3', '0000-00-00', 1, '', 285.00, 0.00, 285.00, '0000-00-00', '', '0000-00-00', '', '', '', '2352A07PS9', '', '10067627-NF091', '', 22, 0, '0000-00-00', '', '0000-00-00', 1, '0000-00-00 00:00:00', '0000-00-00 00:00:00', '', '', '', '', 10),
(188, '21670613941', '2167061394', 1, 4, '2017-06-13', '0', '', 'IN01-T3', '0000-00-00', 1, '', 1275.00, 0.00, 1275.00, '0000-00-00', '', '0000-00-00', '', '', '', '2352A07PSA', '', '10068796-NF095', '', 22, 0, '0000-00-00', '', '0000-00-00', 1, '0000-00-00 00:00:00', '0000-00-00 00:00:00', '', '', '', '', 10),
(189, '21670613942', '2167061394', 2, 4, '2017-06-13', '0', '', 'IN03-T3', '0000-00-00', 1, '', 500.00, 0.00, 500.00, '0000-00-00', '', '0000-00-00', '', '', '', '2352A07PSA', '', '10068796-NF095', '', 22, 0, '0000-00-00', '', '0000-00-00', 1, '0000-00-00 00:00:00', '0000-00-00 00:00:00', '', '', '', '', 10),
(190, '21670613943', '2167061394', 3, 4, '2017-06-13', '0', '', 'RC01-T3', '0000-00-00', 1, '', 285.00, 0.00, 285.00, '0000-00-00', '', '0000-00-00', '', '', '', '2352A07PSA', '', '10068796-NF095', '', 22, 0, '0000-00-00', '', '0000-00-00', 1, '0000-00-00 00:00:00', '0000-00-00 00:00:00', '', '', '', '', 10),
(191, '21670614181', '2167061418', 1, 4, '2017-06-14', '0', '', 'IN01-T3', '0000-00-00', 1, '', 1275.00, 0.00, 1275.00, '0000-00-00', '', '0000-00-00', '', '', '', '2352727239', '', '10069221-NF109', '', 22, 0, '0000-00-00', '', '0000-00-00', 1, '0000-00-00 00:00:00', '0000-00-00 00:00:00', '', '', '', '', 10),
(192, '21670614182', '2167061418', 2, 4, '2017-06-14', '0', '', 'IN02-T3', '0000-00-00', 1, '', 921.00, 0.00, 921.00, '0000-00-00', '', '0000-00-00', '', '', '', '2352727239', '', '10069221-NF109', '', 22, 0, '0000-00-00', '', '0000-00-00', 1, '0000-00-00 00:00:00', '0000-00-00 00:00:00', '', '', '', '', 10),
(193, '21670614183', '2167061418', 3, 4, '2017-06-14', '0', '', 'IN03-T3', '0000-00-00', 1, '', 500.00, 0.00, 500.00, '0000-00-00', '', '0000-00-00', '', '', '', '2352727239', '', '10069221-NF109', '', 22, 0, '0000-00-00', '', '0000-00-00', 1, '0000-00-00 00:00:00', '0000-00-00 00:00:00', '', '', '', '', 10),
(194, '21670614184', '2167061418', 4, 4, '2017-06-14', '0', '', 'RC01-T3', '0000-00-00', 1, '', 285.00, 0.00, 285.00, '0000-00-00', '', '0000-00-00', '', '', '', '2352727239', '', '10069221-NF109', '', 22, 0, '0000-00-00', '', '0000-00-00', 1, '0000-00-00 00:00:00', '0000-00-00 00:00:00', '', '', '', '', 10),
(195, '21670613931', '2167061393', 1, 4, '2017-06-13', '0', '', 'IN01-T3', '0000-00-00', 1, '', 1275.00, 0.00, 1275.00, '0000-00-00', '', '0000-00-00', '', '', '', '2352A080SG', '', '10116747-NF126', '', 22, 36, '0000-00-00', '', '0000-00-00', 4, '0000-00-00 00:00:00', '0000-00-00 00:00:00', '', '', '', '', 10),
(196, '21670613932', '2167061393', 2, 4, '2017-06-13', '0', '', 'IN03-T3', '0000-00-00', 1, '', 500.00, 0.00, 500.00, '0000-00-00', '', '0000-00-00', '', '', '', '2352A080SG', '', '10116747-NF126', '', 22, 36, '0000-00-00', '', '0000-00-00', 4, '0000-00-00 00:00:00', '0000-00-00 00:00:00', '', '', '', '', 10),
(197, '21670613933', '2167061393', 3, 4, '2017-06-13', '0', '', 'RC01-T3', '0000-00-00', 1, '', 285.00, 0.00, 285.00, '0000-00-00', '', '0000-00-00', '', '', '', '2352A080SG', '', '10116747-NF126', '', 22, 36, '0000-00-00', '', '0000-00-00', 4, '0000-00-00 00:00:00', '0000-00-00 00:00:00', '', '', '', '', 10),
(198, '9235811', '923581', 1, 5, '2017-02-23', '1', '', 'ANWA \nIN06 - Load ATT/MPC Provided Script and Integrate* UMTS and LTE/VoLTE* NSB1C', '0000-00-00', 1, '', 1200.00, 0.00, 1200.00, '0000-00-00', '', '0000-00-00', '', '', '', '10124513', '', '2276709', '', 8, 37, '0000-00-00', '', '0000-00-00', 4, '0000-00-00 00:00:00', '0000-00-00 00:00:00', '', '', '', '', 6),
(199, '9235812', '923581', 2, 5, '2017-02-23', '1', '', 'ANWA \nIN09 - MPC provided script Carrier Aggregation 2C to 3C for E// Equipment', '0000-00-00', 1, '', 355.00, 0.00, 355.00, '0000-00-00', '', '0000-00-00', '', '', '', '10124513', '', '2276709', '', 8, 37, '0000-00-00', '', '0000-00-00', 4, '0000-00-00 00:00:00', '0000-00-00 00:00:00', '', '', '', '', 6),
(200, '9235813', '923581', 3, 5, '2017-02-23', '1', '', 'ANWA \nRC01 - Card Installation', '0000-00-00', 1, '', 276.00, 0.00, 276.00, '0000-00-00', '', '0000-00-00', '', '', '', '10124513', '', '2276709', '', 8, 37, '0000-00-00', '', '0000-00-00', 4, '0000-00-00 00:00:00', '0000-00-00 00:00:00', '', '', '', '', 6),
(201, '9235814', '923581', 4, 5, '2017-02-23', '1', '', 'ANWA \nTS43 - E911 Testing* Stand-Alone', '0000-00-00', 1, '', 370.18, 0.00, 370.18, '0000-00-00', '', '0000-00-00', '', '', '', '10124513', '', '2276709', '', 8, 37, '0000-00-00', '', '0000-00-00', 4, '0000-00-00 00:00:00', '0000-00-00 00:00:00', '', '', '', '', 6),
(202, '9235815', '923581', 5, 5, '2017-02-23', '1', '', 'ANWA \nWA03 - RETs Definitions/Scripting', '0000-00-00', 1, '', 460.00, 0.00, 460.00, '0000-00-00', '', '0000-00-00', '', '', '', '10124513', '', '2276709', '', 8, 37, '0000-00-00', '', '0000-00-00', 4, '0000-00-00 00:00:00', '0000-00-00 00:00:00', '', '', '', '', 6),
(203, '9235816', '923581', 6, 5, '2017-02-23', '1', '', 'SP11-T3 \nTroubleshooting & Downtimes Caused By AT&T', '0000-00-00', 1, '', 125.00, 0.00, 125.00, '0000-00-00', '', '0000-00-00', '', '', '', '10124513', '', '2276709', '', 8, 37, '0000-00-00', '', '0000-00-00', 4, '0000-00-00 00:00:00', '0000-00-00 00:00:00', '', '', '', '', 6),
(204, '9432901', '943290', 1, 5, '2017-04-17', '0', '', 'ANWA \nAntenna - Work Authorization (WA)', '0000-00-00', 1, '', 460.00, 0.00, 460.00, '0000-00-00', '', '0000-00-00', '', '', '', '10573604', '', '2305695', '', 8, 38, '0000-00-00', '', '0000-00-00', 4, '0000-00-00 00:00:00', '0000-00-00 00:00:00', '', '', '', '', 6),
(205, '9432902', '943290', 2, 5, '2017-04-17', '0', '', 'IN06-T3 \nLoad ATT/MPC Provided Script and Integrate* UMTS and LTE/VoLTE* NSB1C', '0000-00-00', 1, '', 1200.00, 0.00, 1200.00, '0000-00-00', '', '0000-00-00', '', '', '', '10573604', '', '2305695', '', 8, 38, '0000-00-00', '', '0000-00-00', 4, '0000-00-00 00:00:00', '0000-00-00 00:00:00', '', '', '', '', 6),
(206, '9432903', '943290', 3, 5, '2017-04-17', '0', '', 'IN09-T3 \nMPC provided script Carrier Aggregation 2C to 3C for E// Equipment.', '0000-00-00', 1, '', 355.00, 0.00, 355.00, '0000-00-00', '', '0000-00-00', '', '', '', '10573604', '', '2305695', '', 8, 38, '0000-00-00', '', '0000-00-00', 4, '0000-00-00 00:00:00', '0000-00-00 00:00:00', '', '', '', '', 6),
(207, '9432904', '943290', 4, 5, '2017-04-17', '0', '', 'TS43-T3 \nE911 Testing* Stand-Alone', '0000-00-00', 1, '', 370.18, 0.00, 370.18, '0000-00-00', '', '0000-00-00', '', '', '', '10573604', '', '2305695', '', 8, 38, '0000-00-00', '', '0000-00-00', 4, '0000-00-00 00:00:00', '0000-00-00 00:00:00', '', '', '', '', 6),
(208, '9432905', '943290', 5, 5, '2017-04-17', '0', '', 'HW07 \nBBU (DU) Install', '0000-00-00', 1, '', 400.00, 0.00, 400.00, '0000-00-00', '', '0000-00-00', '', '', '', '10573604', '', '2305695', '', 8, 38, '0000-00-00', '', '0000-00-00', 4, '0000-00-00 00:00:00', '0000-00-00 00:00:00', '', '', '', '', 6),
(209, '9461861', '946186', 1, 5, '2017-04-25', '0', '', 'ANWA \nWho: Mastec/Amdocs, What: Ret definitions and validation, Where: JN3018 Skagway, When: 2017, Why: Ret', '0000-00-00', 1, '', 460.00, 0.00, 460.00, '0000-00-00', '', '0000-00-00', '', '', '', '10124511', '', '2264480', '', 8, 39, '0000-00-00', '', '0000-00-00', 4, '0000-00-00 00:00:00', '0000-00-00 00:00:00', '', '', '', '', 6),
(210, '9461862', '946186', 2, 5, '2017-04-25', '0', '', 'TS41-T3 \nCell site Alarm Testing*Non New Site Build', '0000-00-00', 1, '', 286.20, 0.00, 286.20, '0000-00-00', '', '0000-00-00', '', '', '', '10124511', '', '2264480', '', 8, 39, '0000-00-00', '', '0000-00-00', 4, '0000-00-00 00:00:00', '0000-00-00 00:00:00', '', '', '', '', 6),
(211, '9461863', '946186', 3, 5, '2017-04-25', '0', '', 'TS43-T3 \nE911 Testing* Stand-Alone', '0000-00-00', 3, '', 370.18, 0.00, 1110.54, '0000-00-00', '', '0000-00-00', '', '', '', '10124511', '', '2264480', '', 8, 39, '0000-00-00', '', '0000-00-00', 4, '0000-00-00 00:00:00', '0000-00-00 00:00:00', '', '', '', '', 6),
(212, '9461864', '946186', 4, 5, '2017-04-25', '0', '', 'SR01-T3 \nCreate RND_CIQ', '0000-00-00', 3, '', 119.00, 0.00, 357.00, '0000-00-00', '', '0000-00-00', '', '', '', '10124511', '', '2264480', '', 8, 39, '0000-00-00', '', '0000-00-00', 4, '0000-00-00 00:00:00', '0000-00-00 00:00:00', '', '', '', '', 6),
(213, '9461865', '946186', 5, 5, '2017-04-25', '0', '', 'RC01-T3 \nCard Installation', '0000-00-00', 4, '', 276.00, 0.00, 1104.00, '0000-00-00', '', '0000-00-00', '', '', '', '10124511', '', '2264480', '', 8, 39, '0000-00-00', '', '0000-00-00', 4, '0000-00-00 00:00:00', '0000-00-00 00:00:00', '', '', '', '', 6),
(214, '9461866', '946186', 6, 5, '2017-04-25', '0', '', 'IN03-T3 \nCarrier Aggregation 2C to 3C. For E// Equipment.', '0000-00-00', 1, '', 637.50, 0.00, 637.50, '0000-00-00', '', '0000-00-00', '', '', '', '10124511', '', '2264480', '', 8, 39, '0000-00-00', '', '0000-00-00', 4, '0000-00-00 00:00:00', '0000-00-00 00:00:00', '', '', '', '', 6),
(215, '9461867', '946186', 7, 5, '2017-04-25', '0', '', 'IN02-T3 \nScript Creation and Integration* UMTS and LTE/VoLT', '0000-00-00', 2, '', 1033.18, 0.00, 2066.36, '0000-00-00', '', '0000-00-00', '', '', '', '10124511', '', '2264480', '', 8, 39, '0000-00-00', '', '0000-00-00', 4, '0000-00-00 00:00:00', '0000-00-00 00:00:00', '', '', '', '', 6),
(216, '9461868', '946186', 8, 5, '2017-04-25', '0', '', 'IN01-T3 \nScript Creation and Integration* UMTS and LTE/VoLT', '0000-00-00', 1, '', 1400.00, 0.00, 1400.00, '0000-00-00', '', '0000-00-00', '', '', '', '10124511', '', '2264480', '', 8, 39, '0000-00-00', '', '0000-00-00', 4, '0000-00-00 00:00:00', '0000-00-00 00:00:00', '', '', '', '', 6),
(217, '9462391', '946239', 1, 5, '2017-04-25', '0', '', 'HW07 \nV2 Chassis', '0000-00-00', 1, '', 400.00, 0.00, 400.00, '0000-00-00', '', '0000-00-00', '', '', '', '10125211', '', '2305690', '', 8, 40, '0000-00-00', '', '0000-00-00', 4, '0000-00-00 00:00:00', '0000-00-00 00:00:00', '', '', '', '', 6),
(218, '9462392', '946239', 2, 5, '2017-04-25', '0', '', 'ANWA \nWho: Mastec/Amdocs, What: Ret definitions and validation, Where: AN2008 Mackey Lakes, Why: Ret definitions', '0000-00-00', 1, '', 460.00, 0.00, 460.00, '0000-00-00', '', '0000-00-00', '', '', '', '10125211', '', '2305690', '', 8, 40, '0000-00-00', '', '0000-00-00', 4, '0000-00-00 00:00:00', '0000-00-00 00:00:00', '', '', '', '', 6),
(219, '9462393', '946239', 3, 5, '2017-04-25', '0', '', 'IN01-T3 \nScript Creation and Integration* UMTS and LTE/VoLTE* NSB1C', '0000-00-00', 1, '', 1400.00, 0.00, 1400.00, '0000-00-00', '', '0000-00-00', '', '', '', '10125211', '', '2305690', '', 8, 40, '0000-00-00', '', '0000-00-00', 4, '0000-00-00 00:00:00', '0000-00-00 00:00:00', '', '', '', '', 6),
(220, '9462394', '946239', 4, 5, '2017-04-25', '0', '', 'IN03-T3 \nCarrier Aggregation 2C to 3C. For E// Equipment.', '0000-00-00', 1, '', 637.50, 0.00, 637.50, '0000-00-00', '', '0000-00-00', '', '', '', '10125211', '', '2305690', '', 8, 40, '0000-00-00', '', '0000-00-00', 4, '0000-00-00 00:00:00', '0000-00-00 00:00:00', '', '', '', '', 6),
(221, '9462395', '946239', 5, 5, '2017-04-25', '0', '', 'SR01-T3 \nCreate RND_CIQ', '0000-00-00', 1, '', 119.00, 0.00, 119.00, '0000-00-00', '', '0000-00-00', '', '', '', '10125211', '', '2305690', '', 8, 40, '0000-00-00', '', '0000-00-00', 4, '0000-00-00 00:00:00', '0000-00-00 00:00:00', '', '', '', '', 6),
(222, '9462396', '946239', 6, 5, '2017-04-25', '0', '', 'TS43-T3 \nE911 Testing* Stand-Alone', '0000-00-00', 1, '', 370.18, 0.00, 370.18, '0000-00-00', '', '0000-00-00', '', '', '', '10125211', '', '2305690', '', 8, 40, '0000-00-00', '', '0000-00-00', 4, '0000-00-00 00:00:00', '0000-00-00 00:00:00', '', '', '', '', 6),
(223, '9463551', '946355', 1, 5, '2017-04-25', '0', '', 'HW07 \nV2 Chassis', '0000-00-00', 1, '', 400.00, 0.00, 400.00, '0000-00-00', '', '0000-00-00', '', '', '', '10124538', '', '2305686', '', 8, 0, '0000-00-00', '', '0000-00-00', 1, '0000-00-00 00:00:00', '0000-00-00 00:00:00', '', '', '', '', 6),
(224, '9463552', '946355', 2, 5, '2017-04-25', '0', '', 'ANWA \nWho: Mastec/Amdocs, What: Ret definitions and validation, Where: AN2005 Meadow Lakes, When: 2017, Why:', '0000-00-00', 1, '', 460.00, 0.00, 460.00, '0000-00-00', '', '0000-00-00', '', '', '', '10124538', '', '2305686', '', 8, 41, '0000-00-00', '', '0000-00-00', 4, '0000-00-00 00:00:00', '0000-00-00 00:00:00', '', '', '', '', 6),
(225, '9463553', '946355', 3, 5, '2017-04-25', '0', '', 'RC03-T3 \nCard Swap', '0000-00-00', 1, '', 508.00, 0.00, 508.00, '0000-00-00', '', '0000-00-00', '', '', '', '10124538', '', '2305686', '', 8, 41, '0000-00-00', '', '0000-00-00', 4, '0000-00-00 00:00:00', '0000-00-00 00:00:00', '', '', '', '', 6),
(226, '9463554', '946355', 4, 5, '2017-04-25', '0', '', 'IN01-T3 \nScript Creation and Integration* UMTS and LTE/VoLTE* NSB1C', '0000-00-00', 1, '', 1400.00, 0.00, 1400.00, '0000-00-00', '', '0000-00-00', '', '', '', '10124538', '', '2305686', '', 8, 0, '0000-00-00', '', '0000-00-00', 1, '0000-00-00 00:00:00', '0000-00-00 00:00:00', '', '', '', '', 6),
(227, '9463555', '946355', 5, 5, '2017-04-25', '0', '', 'IN03-T3 \nCarrier Aggregation 2C to 3C. For E// Equipment.', '0000-00-00', 1, '', 637.50, 0.00, 637.50, '0000-00-00', '', '0000-00-00', '', '', '', '10124538', '', '2305686', '', 8, 0, '0000-00-00', '', '0000-00-00', 1, '0000-00-00 00:00:00', '0000-00-00 00:00:00', '', '', '', '', 6),
(228, '9463556', '946355', 6, 5, '2017-04-25', '0', '', 'SR01-T3 \nCreate RND_CIQ', '0000-00-00', 1, '', 119.00, 0.00, 119.00, '0000-00-00', '', '0000-00-00', '', '', '', '10124538', '', '2305686', '', 8, 41, '0000-00-00', '', '0000-00-00', 4, '0000-00-00 00:00:00', '0000-00-00 00:00:00', '', '', '', '', 6),
(229, '9463557', '946355', 7, 5, '2017-04-25', '0', '', 'TS43-T3 \nE911 Testing* Stand-Alone', '0000-00-00', 1, '', 370.18, 0.00, 370.18, '0000-00-00', '', '0000-00-00', '', '', '', '10124538', '', '2305686', '', 8, 41, '0000-00-00', '', '0000-00-00', 4, '0000-00-00 00:00:00', '0000-00-00 00:00:00', '', '', '', '', 6),
(230, '9516121', '951612', 1, 5, '2017-05-09', '0', '', 'TS42-T3 \nE911 Testing*Concurrent with Integration', '0000-00-00', 1, '', 180.12, 0.00, 180.12, '0000-00-00', '', '0000-00-00', '', '', '', '10576309', '', '2321565', '', 8, 0, '0000-00-00', '', '0000-00-00', 1, '0000-00-00 00:00:00', '0000-00-00 00:00:00', '', '', '', '', 6),
(231, '9516122', '951612', 2, 5, '2017-05-09', '0', '', 'SR01-T3 \nCreate RND_CIQ', '0000-00-00', 1, '', 119.00, 0.00, 119.00, '0000-00-00', '', '0000-00-00', '', '', '', '10576309', '', '2321565', '', 8, 0, '0000-00-00', '', '0000-00-00', 1, '0000-00-00 00:00:00', '0000-00-00 00:00:00', '', '', '', '', 6),
(232, '9516123', '951612', 3, 5, '2017-05-09', '0', '', 'RC03-T3 \nCard Swap', '0000-00-00', 1, '', 508.00, 0.00, 508.00, '0000-00-00', '', '0000-00-00', '', '', '', '10576309', '', '2321565', '', 8, 0, '0000-00-00', '', '0000-00-00', 1, '0000-00-00 00:00:00', '0000-00-00 00:00:00', '', '', '', '', 6),
(233, '9516124', '951612', 4, 5, '2017-05-09', '0', '', 'RC01-T3 \nCard Installation', '0000-00-00', 1, '', 276.00, 0.00, 276.00, '0000-00-00', '', '0000-00-00', '', '', '', '10576309', '', '2321565', '', 8, 0, '0000-00-00', '', '0000-00-00', 1, '0000-00-00 00:00:00', '0000-00-00 00:00:00', '', '', '', '', 6),
(234, '9516125', '951612', 5, 5, '2017-05-09', '0', '', 'IN03-T3 \nCarrier Aggregation 2C to 3C. For E// Equipment.', '0000-00-00', 1, '', 637.50, 0.00, 637.50, '0000-00-00', '', '0000-00-00', '', '', '', '10576309', '', '2321565', '', 8, 0, '0000-00-00', '', '0000-00-00', 1, '0000-00-00 00:00:00', '0000-00-00 00:00:00', '', '', '', '', 6),
(235, '9516126', '951612', 6, 5, '2017-05-09', '0', '', 'IN01-T3 \nScript Creation and Integration* UMTS and LTE/VoLT', '0000-00-00', 1, '', 1400.00, 0.00, 1400.00, '0000-00-00', '', '0000-00-00', '', '', '', '10576309', '', '2321565', '', 8, 0, '0000-00-00', '', '0000-00-00', 1, '0000-00-00 00:00:00', '0000-00-00 00:00:00', '', '', '', '', 6),
(236, '9516691', '951669', 1, 5, '2017-05-09', '0', '', 'TS42-T3 \nE911 Testing*Concurrent with Integration', '0000-00-00', 1, '', 180.12, 0.00, 180.12, '0000-00-00', '', '0000-00-00', '', '', '', '10125179', '', '2321849', '', 8, 0, '0000-00-00', '', '0000-00-00', 1, '0000-00-00 00:00:00', '0000-00-00 00:00:00', '', '', '', '', 6),
(237, '9516692', '951669', 2, 5, '2017-05-09', '0', '', 'SR01-T3 \nCreate RND_CIQ', '0000-00-00', 1, '', 119.00, 0.00, 119.00, '0000-00-00', '', '0000-00-00', '', '', '', '10125179', '', '2321849', '', 8, 0, '0000-00-00', '', '0000-00-00', 1, '0000-00-00 00:00:00', '0000-00-00 00:00:00', '', '', '', '', 6),
(238, '9516693', '951669', 3, 5, '2017-05-09', '0', '', 'RC01-T3 \nCard Installation', '0000-00-00', 1, '', 276.00, 0.00, 276.00, '0000-00-00', '', '0000-00-00', '', '', '', '10125179', '', '2321849', '', 8, 0, '0000-00-00', '', '0000-00-00', 1, '0000-00-00 00:00:00', '0000-00-00 00:00:00', '', '', '', '', 6),
(239, '9516694', '951669', 4, 5, '2017-05-09', '0', '', 'IN03-T3 \nCarrier Aggregation 2C to 3C. For E// Equipment.', '0000-00-00', 1, '', 637.50, 0.00, 637.50, '0000-00-00', '', '0000-00-00', '', '', '', '10125179', '', '2321849', '', 8, 0, '0000-00-00', '', '0000-00-00', 1, '0000-00-00 00:00:00', '0000-00-00 00:00:00', '', '', '', '', 6),
(240, '9516695', '951669', 5, 5, '2017-05-09', '0', '', 'IN01-T3 \nScript Creation and Integration* UMTS and LTE/VoLT', '0000-00-00', 1, '', 1400.00, 0.00, 1400.00, '0000-00-00', '', '0000-00-00', '', '', '', '10125179', '', '2321849', '', 8, 0, '0000-00-00', '', '0000-00-00', 1, '0000-00-00 00:00:00', '0000-00-00 00:00:00', '', '', '', '', 6),
(241, '9518981', '951898', 1, 5, '2017-05-10', '0', '', 'SR01-T3 \nCreate RND_CIQ', '0000-00-00', 1, '', 119.00, 0.00, 119.00, '0000-00-00', '', '0000-00-00', '', '', '', '10128029', '', '2264819', '', 8, 0, '0000-00-00', '', '0000-00-00', 1, '0000-00-00 00:00:00', '0000-00-00 00:00:00', '', '', '', '', 6),
(242, '9518982', '951898', 2, 5, '2017-05-10', '0', '', 'IN01-T3 \nScript Creation and Integration* UMTS and LTE/VoLT', '0000-00-00', 1, '', 1400.00, 0.00, 1400.00, '0000-00-00', '', '0000-00-00', '', '', '', '10128029', '', '2264819', '', 8, 0, '0000-00-00', '', '0000-00-00', 1, '0000-00-00 00:00:00', '0000-00-00 00:00:00', '', '', '', '', 6),
(243, '9522871', '952287', 1, 5, '2017-05-11', '0', '', 'RC03-T3 \nCard Swap', '0000-00-00', 1, '', 508.00, 0.00, 508.00, '0000-00-00', '', '0000-00-00', '', '', '', '10125121', '', '2323576', '', 8, 0, '0000-00-00', '', '0000-00-00', 1, '0000-00-00 00:00:00', '0000-00-00 00:00:00', '', '', '', '', 6),
(244, '9522872', '952287', 2, 5, '2017-05-11', '0', '', 'IN03-T3 \nCarrier Aggregation 2C to 3C. For E// Equipment.', '0000-00-00', 1, '', 637.50, 0.00, 637.50, '0000-00-00', '', '0000-00-00', '', '', '', '10125121', '', '2323576', '', 8, 0, '0000-00-00', '', '0000-00-00', 1, '0000-00-00 00:00:00', '0000-00-00 00:00:00', '', '', '', '', 6),
(245, '9522873', '952287', 3, 5, '2017-05-11', '0', '', 'IN01-T3 \nScript Creation and Integration* UMTS and LTE/VoLT', '0000-00-00', 1, '', 1400.00, 0.00, 1400.00, '0000-00-00', '', '0000-00-00', '', '', '', '10125121', '', '2323576', '', 8, 0, '0000-00-00', '', '0000-00-00', 1, '0000-00-00 00:00:00', '0000-00-00 00:00:00', '', '', '', '', 6),
(246, '9532841', '953284', 1, 5, '2017-05-15', '0', '', 'IN01-T3 \nScript Creation and Integration* UMTS and LTE/VoLTE* NSB1C', '0000-00-00', 1, '', 1400.00, 0.00, 1400.00, '0000-00-00', '', '0000-00-00', '', '', '', '10125164', '', '2306560', '', 8, 0, '0000-00-00', '', '0000-00-00', 1, '0000-00-00 00:00:00', '0000-00-00 00:00:00', '', '', '', '', 6),
(247, '9532842', '953284', 2, 5, '2017-05-15', '0', '', 'IN03-T3 \nCarrier Aggregation 2C to 3C. For E// Equipment.', '0000-00-00', 1, '', 637.50, 0.00, 637.50, '0000-00-00', '', '0000-00-00', '', '', '', '10125164', '', '2306560', '', 8, 0, '0000-00-00', '', '0000-00-00', 1, '0000-00-00 00:00:00', '0000-00-00 00:00:00', '', '', '', '', 6),
(248, '9532843', '953284', 3, 5, '2017-05-15', '0', '', 'RC01-T3 \nCard Installation', '0000-00-00', 1, '', 276.00, 0.00, 276.00, '0000-00-00', '', '0000-00-00', '', '', '', '10125164', '', '2306560', '', 8, 0, '0000-00-00', '', '0000-00-00', 1, '0000-00-00 00:00:00', '0000-00-00 00:00:00', '', '', '', '', 6),
(249, '9532844', '953284', 4, 5, '2017-05-15', '0', '', 'SR01-T3 \nCreate RND_CIQ', '0000-00-00', 1, '', 119.00, 0.00, 119.00, '0000-00-00', '', '0000-00-00', '', '', '', '10125164', '', '2306560', '', 8, 0, '0000-00-00', '', '0000-00-00', 1, '0000-00-00 00:00:00', '0000-00-00 00:00:00', '', '', '', '', 6),
(250, '9538021', '953802', 1, 5, '2017-05-16', '0', '', 'TS42-T3 \nE911 Testing*Concurrent with Integration', '0000-00-00', 1, '', 180.12, 0.00, 180.12, '0000-00-00', '', '0000-00-00', '', '', '', '10125165', '', '2264413', '', 8, 0, '0000-00-00', '', '0000-00-00', 1, '0000-00-00 00:00:00', '0000-00-00 00:00:00', '', '', '', '', 6),
(251, '9538022', '953802', 2, 5, '2017-05-16', '0', '', 'IN01-T3 \nScript Creation and Integration* UMTS and LTE/VoLTE* NSB1C', '0000-00-00', 1, '', 1400.00, 0.00, 1400.00, '0000-00-00', '', '0000-00-00', '', '', '', '10125165', '', '2264413', '', 8, 0, '0000-00-00', '', '0000-00-00', 1, '0000-00-00 00:00:00', '0000-00-00 00:00:00', '', '', '', '', 6),
(252, '9538023', '953802', 3, 5, '2017-05-16', '0', '', 'SR01-T3 \nCreate RND_CIQ', '0000-00-00', 1, '', 119.00, 0.00, 119.00, '0000-00-00', '', '0000-00-00', '', '', '', '10125165', '', '2264413', '', 8, 0, '0000-00-00', '', '0000-00-00', 1, '0000-00-00 00:00:00', '0000-00-00 00:00:00', '', '', '', '', 6),
(253, '9538024', '953802', 4, 5, '2017-05-16', '0', '', 'TS41-T3 \nCell site Alarm Testing*Non New Site Build', '0000-00-00', 1, '', 286.20, 0.00, 286.20, '0000-00-00', '', '0000-00-00', '', '', '', '10125165', '', '2264413', '', 8, 0, '0000-00-00', '', '0000-00-00', 1, '0000-00-00 00:00:00', '0000-00-00 00:00:00', '', '', '', '', 6),
(254, '9540061', '954006', 1, 5, '2017-05-17', '0', '', 'IN01-T3 \nScript Creation and Integration* UMTS and LTE/VoLTE* NSB1C', '0000-00-00', 1, '', 1400.00, 0.00, 1400.00, '0000-00-00', '', '0000-00-00', '', '', '', '10128412', '', '2276742', '', 8, 0, '0000-00-00', '', '0000-00-00', 1, '0000-00-00 00:00:00', '0000-00-00 00:00:00', '', '', '', '', 6),
(255, '9540062', '954006', 2, 5, '2017-05-17', '0', '', 'SR01-T3 \nCreate RND_CIQ', '0000-00-00', 1, '', 119.00, 0.00, 119.00, '0000-00-00', '', '0000-00-00', '', '', '', '10128412', '', '2276742', '', 8, 0, '0000-00-00', '', '0000-00-00', 1, '0000-00-00 00:00:00', '0000-00-00 00:00:00', '', '', '', '', 6),
(256, '9540063', '954006', 3, 5, '2017-05-17', '0', '', 'TS42-T3 \nE911 Testing*Concurrent with Integration', '0000-00-00', 1, '', 180.12, 0.00, 180.12, '0000-00-00', '', '0000-00-00', '', '', '', '10128412', '', '2276742', '', 8, 0, '0000-00-00', '', '0000-00-00', 1, '0000-00-00 00:00:00', '0000-00-00 00:00:00', '', '', '', '', 6),
(257, '9578451', '957845', 1, 5, '2017-05-26', '0', '', 'SR01-T3 \nCreate RND_CIQ', '0000-00-00', 1, '', 119.00, 0.00, 119.00, '0000-00-00', '', '0000-00-00', '', '', '', '10125139', '', '2288458', '', 8, 0, '0000-00-00', '', '0000-00-00', 1, '0000-00-00 00:00:00', '0000-00-00 00:00:00', '', '', '', '', 6),
(258, '9578452', '957845', 2, 5, '2017-05-26', '0', '', 'RC01-T3 \nCard Installation', '0000-00-00', 1, '', 276.00, 0.00, 276.00, '0000-00-00', '', '0000-00-00', '', '', '', '10125139', '', '2288458', '', 8, 0, '0000-00-00', '', '0000-00-00', 1, '0000-00-00 00:00:00', '0000-00-00 00:00:00', '', '', '', '', 6),
(259, '9578453', '957845', 3, 5, '2017-05-26', '0', '', 'IN03-T3 \nCarrier Aggregation 2C to 3C. For E// Equipment.', '0000-00-00', 1, '', 637.50, 0.00, 637.50, '0000-00-00', '', '0000-00-00', '', '', '', '10125139', '', '2288458', '', 8, 0, '0000-00-00', '', '0000-00-00', 1, '0000-00-00 00:00:00', '0000-00-00 00:00:00', '', '', '', '', 6),
(260, '9578454', '957845', 4, 5, '2017-05-26', '0', '', 'IN01-T3 \nScript Creation and Integration* UMTS and LTE/VoLT', '0000-00-00', 1, '', 1400.00, 0.00, 1400.00, '0000-00-00', '', '0000-00-00', '', '', '', '10125139', '', '2288458', '', 8, 0, '0000-00-00', '', '0000-00-00', 1, '0000-00-00 00:00:00', '0000-00-00 00:00:00', '', '', '', '', 6),
(261, '9579131', '957913', 1, 5, '2017-05-26', '0', '', 'SR01-T3 \nCreate RND_CIQ', '0000-00-00', 3, '', 119.00, 0.00, 357.00, '0000-00-00', '', '0000-00-00', '', '', '', '10128439', '', '2306502', '', 8, 0, '0000-00-00', '', '0000-00-00', 1, '0000-00-00 00:00:00', '0000-00-00 00:00:00', '', '', '', '', 6),
(262, '9579132', '957913', 2, 5, '2017-05-26', '0', '', 'RC01-T3 \nCard Installation', '0000-00-00', 2, '', 276.00, 0.00, 552.00, '0000-00-00', '', '0000-00-00', '', '', '', '10128439', '', '2306502', '', 8, 0, '0000-00-00', '', '0000-00-00', 1, '0000-00-00 00:00:00', '0000-00-00 00:00:00', '', '', '', '', 6),
(263, '9579133', '957913', 3, 5, '2017-05-26', '0', '', 'IN03-T3 \nCarrier Aggregation 2C to 3C. For E// Equipment.', '0000-00-00', 1, '', 637.50, 0.00, 637.50, '0000-00-00', '', '0000-00-00', '', '', '', '10128439', '', '2306502', '', 8, 0, '0000-00-00', '', '0000-00-00', 1, '0000-00-00 00:00:00', '0000-00-00 00:00:00', '', '', '', '', 6),
(264, '9579134', '957913', 4, 5, '2017-05-26', '0', '', 'IN01-T3 \nScript Creation and Integration* UMTS and LTE/VoLT', '0000-00-00', 1, '', 1400.00, 0.00, 1400.00, '0000-00-00', '', '0000-00-00', '', '', '', '10128439', '', '2306502', '', 8, 0, '0000-00-00', '', '0000-00-00', 1, '0000-00-00 00:00:00', '0000-00-00 00:00:00', '', '', '', '', 6),
(265, '9579135', '957913', 5, 5, '2017-05-26', '0', '', 'RC03-T3 \nCard Swap', '0000-00-00', 2, '', 508.00, 0.00, 1016.00, '0000-00-00', '', '0000-00-00', '', '', '', '10128439', '', '2306502', '', 8, 0, '0000-00-00', '', '0000-00-00', 1, '0000-00-00 00:00:00', '0000-00-00 00:00:00', '', '', '', '', 6),
(266, '9621451', '962145', 1, 5, '2017-06-07', '0', '', 'IN01-T3 \nScript Creation and Integration* UMTS and LTE/VoLTE* NSB1C', '0000-00-00', 1, '', 1400.00, 0.00, 1400.00, '0000-00-00', '', '0000-00-00', '', '', '', '10125167', '', '2306586', '', 8, 0, '0000-00-00', '', '0000-00-00', 1, '0000-00-00 00:00:00', '0000-00-00 00:00:00', '', '', '', '', 6),
(267, '9621452', '962145', 2, 5, '2017-06-07', '0', '', 'RC01-T3 \nCard Installation', '0000-00-00', 1, '', 276.00, 0.00, 276.00, '0000-00-00', '', '0000-00-00', '', '', '', '10125167', '', '2306586', '', 8, 0, '0000-00-00', '', '0000-00-00', 1, '0000-00-00 00:00:00', '0000-00-00 00:00:00', '', '', '', '', 6),
(268, '9621453', '962145', 3, 5, '2017-06-07', '0', '', 'RC03-T3 \nCard Swap', '0000-00-00', 1, '', 508.00, 0.00, 508.00, '0000-00-00', '', '0000-00-00', '', '', '', '10125167', '', '2306586', '', 8, 0, '0000-00-00', '', '0000-00-00', 1, '0000-00-00 00:00:00', '0000-00-00 00:00:00', '', '', '', '', 6),
(269, '9621454', '962145', 4, 5, '2017-06-07', '0', '', 'TS42-T3 \nE911 Testing*Concurrent with Integration', '0000-00-00', 1, '', 180.12, 0.00, 180.12, '0000-00-00', '', '0000-00-00', '', '', '', '10125167', '', '2306586', '', 8, 0, '0000-00-00', '', '0000-00-00', 1, '0000-00-00 00:00:00', '0000-00-00 00:00:00', '', '', '', '', 6),
(270, '9621455', '962145', 5, 5, '2017-06-07', '0', '', 'SR01-T3 \nCreate RND_CIQ', '0000-00-00', 1, '', 119.00, 0.00, 119.00, '0000-00-00', '', '0000-00-00', '', '', '', '10125167', '', '2306586', '', 8, 0, '0000-00-00', '', '0000-00-00', 1, '0000-00-00 00:00:00', '0000-00-00 00:00:00', '', '', '', '', 6),
(271, '9621941', '962194', 1, 5, '2017-06-07', '0', '', 'TS42-T3 \nE911 Testing*Concurrent with Integration', '0000-00-00', 2, '', 180.12, 0.00, 360.24, '0000-00-00', '', '0000-00-00', '', '', '', '10124543', '', '2267998', '', 8, 0, '0000-00-00', '', '0000-00-00', 1, '0000-00-00 00:00:00', '0000-00-00 00:00:00', '', '', '', '', 6),
(272, '9621942', '962194', 2, 5, '2017-06-07', '0', '', 'SR01-T3 \nCreate RND_CIQ', '0000-00-00', 2, '', 119.00, 0.00, 238.00, '0000-00-00', '', '0000-00-00', '', '', '', '10124543', '', '2267998', '', 8, 0, '0000-00-00', '', '0000-00-00', 1, '0000-00-00 00:00:00', '0000-00-00 00:00:00', '', '', '', '', 6),
(273, '9621943', '962194', 3, 5, '2017-06-07', '0', '', 'IN03-T3 \nCarrier Aggregation 2C to 3C. For E// Equipment.', '0000-00-00', 1, '', 637.50, 0.00, 637.50, '0000-00-00', '', '0000-00-00', '', '', '', '10124543', '', '2267998', '', 8, 0, '0000-00-00', '', '0000-00-00', 1, '0000-00-00 00:00:00', '0000-00-00 00:00:00', '', '', '', '', 6),
(274, '9621944', '962194', 4, 5, '2017-06-07', '0', '', 'IN02-T3 \nScript Creation and Integration* UMTS and LTE/VoLT', '0000-00-00', 1, '', 1033.18, 0.00, 1033.18, '0000-00-00', '', '0000-00-00', '', '', '', '10124543', '', '2267998', '', 8, 0, '0000-00-00', '', '0000-00-00', 1, '0000-00-00 00:00:00', '0000-00-00 00:00:00', '', '', '', '', 6),
(275, '9621945', '962194', 5, 5, '2017-06-07', '0', '', 'IN01-T3 \nScript Creation and Integration* UMTS and LTE/VoLT', '0000-00-00', 1, '', 1400.00, 0.00, 1400.00, '0000-00-00', '', '0000-00-00', '', '', '', '10124543', '', '2267998', '', 8, 0, '0000-00-00', '', '0000-00-00', 1, '0000-00-00 00:00:00', '0000-00-00 00:00:00', '', '', '', '', 6),
(276, '9621946', '962194', 6, 5, '2017-06-07', '0', '', 'RC03-T3 \nCard Swap', '0000-00-00', 1, '', 508.00, 0.00, 508.00, '0000-00-00', '', '0000-00-00', '', '', '', '10124543', '', '2267998', '', 8, 0, '0000-00-00', '', '0000-00-00', 1, '0000-00-00 00:00:00', '0000-00-00 00:00:00', '', '', '', '', 6),
(277, '9622071', '962207', 1, 5, '2017-06-07', '0', '', 'RC03-T3 \nCard Swap', '0000-00-00', 1, '', 508.00, 0.00, 508.00, '0000-00-00', '', '0000-00-00', '', '', '', '10124557', '', '2276703', '', 8, 0, '0000-00-00', '', '0000-00-00', 1, '0000-00-00 00:00:00', '0000-00-00 00:00:00', '', '', '', '', 6),
(278, '9622072', '962207', 2, 5, '2017-06-07', '0', '', 'IN01-T3 \nScript Creation and Integration* UMTS and LTE/VoLTE* NSB1C', '0000-00-00', 1, '', 1400.00, 0.00, 1400.00, '0000-00-00', '', '0000-00-00', '', '', '', '10124557', '', '2276703', '', 8, 0, '0000-00-00', '', '0000-00-00', 1, '0000-00-00 00:00:00', '0000-00-00 00:00:00', '', '', '', '', 6),
(279, '9622073', '962207', 3, 5, '2017-06-07', '0', '', 'SR01-T3 \nCreate RND_CIQ', '0000-00-00', 1, '', 119.00, 0.00, 119.00, '0000-00-00', '', '0000-00-00', '', '', '', '10124557', '', '2276703', '', 8, 0, '0000-00-00', '', '0000-00-00', 1, '0000-00-00 00:00:00', '0000-00-00 00:00:00', '', '', '', '', 6),
(280, '9622074', '962207', 4, 5, '2017-06-07', '0', '', 'TS42-T3 \nE911 Testing*Concurrent with Integration', '0000-00-00', 1, '', 180.12, 0.00, 180.12, '0000-00-00', '', '0000-00-00', '', '', '', '10124557', '', '2276703', '', 8, 0, '0000-00-00', '', '0000-00-00', 1, '0000-00-00 00:00:00', '0000-00-00 00:00:00', '', '', '', '', 6),
(281, '9623571', '962357', 1, 5, '2017-06-07', '1', '', 'TS42-T3 \nE911 Testing*Concurrent with Integration', '0000-00-00', 1, '', 180.12, 0.00, 180.12, '0000-00-00', '', '0000-00-00', '', '', '', '10127175', '', '2264392', '', 8, 0, '0000-00-00', '', '0000-00-00', 1, '0000-00-00 00:00:00', '0000-00-00 00:00:00', '', '', '', '', 6),
(282, '9623572', '962357', 2, 5, '2017-06-07', '1', '', 'TS41-T3 \nCell site Alarm Testing*Non New Site Build', '0000-00-00', 1, '', 286.20, 0.00, 286.20, '0000-00-00', '', '0000-00-00', '', '', '', '10127175', '', '2264392', '', 8, 0, '0000-00-00', '', '0000-00-00', 1, '0000-00-00 00:00:00', '0000-00-00 00:00:00', '', '', '', '', 6),
(283, '9623573', '962357', 3, 5, '2017-06-07', '1', '', 'SR01-T3 \nCreate RND_CIQ', '0000-00-00', 1, '', 119.00, 0.00, 119.00, '0000-00-00', '', '0000-00-00', '', '', '', '10127175', '', '2264392', '', 8, 0, '0000-00-00', '', '0000-00-00', 1, '0000-00-00 00:00:00', '0000-00-00 00:00:00', '', '', '', '', 6),
(284, '9623574', '962357', 4, 5, '2017-06-07', '1', '', 'RC01-T3 \nCard Installation', '0000-00-00', 1, '', 276.00, 0.00, 276.00, '0000-00-00', '', '0000-00-00', '', '', '', '10127175', '', '2264392', '', 8, 0, '0000-00-00', '', '0000-00-00', 1, '0000-00-00 00:00:00', '0000-00-00 00:00:00', '', '', '', '', 6),
(289, '9623575', '962357', 5, 5, '2017-06-07', '1', '', 'IN01-T3 \nScript Creation and Integration* UMTS and LTE/VoLT', '0000-00-00', 1, '', 1400.00, 0.00, 1400.00, '0000-00-00', '', '0000-00-00', '', '', '', '10127175', '', '2264392', '', 8, 0, '0000-00-00', '', '0000-00-00', 1, '0000-00-00 00:00:00', '0000-00-00 00:00:00', '', '', '', '', 6),
(290, '9626081', '962608', 1, 5, '2017-06-08', '0', '', 'IN01-T3 \nScript Creation and Integration* UMTS and LTE/VoLTE* NSB1C', '0000-00-00', 1, '', 1400.00, 0.00, 1400.00, '0000-00-00', '', '0000-00-00', '', '', '', '10128429', '', '2264835', '', 8, 0, '0000-00-00', '', '0000-00-00', 1, '0000-00-00 00:00:00', '0000-00-00 00:00:00', '', '', '', '', 6),
(291, '9626082', '962608', 2, 5, '2017-06-08', '0', '', 'SR01-T3 \nCreate RND_CIQ', '0000-00-00', 1, '', 119.00, 0.00, 119.00, '0000-00-00', '', '0000-00-00', '', '', '', '10128429', '', '2264835', '', 8, 0, '0000-00-00', '', '0000-00-00', 1, '0000-00-00 00:00:00', '0000-00-00 00:00:00', '', '', '', '', 6),
(292, '9626083', '962608', 3, 5, '2017-06-08', '0', '', 'TS41-T3 \nCell site Alarm Testing*Non New Site Build', '0000-00-00', 1, '', 286.20, 0.00, 286.20, '0000-00-00', '', '0000-00-00', '', '', '', '10128429', '', '2264835', '', 8, 0, '0000-00-00', '', '0000-00-00', 1, '0000-00-00 00:00:00', '0000-00-00 00:00:00', '', '', '', '', 6),
(293, '9626084', '962608', 4, 5, '2017-06-08', '0', '', 'TS42-T3 \nE911 Testing*Concurrent with Integration', '0000-00-00', 1, '', 180.12, 0.00, 180.12, '0000-00-00', '', '0000-00-00', '', '', '', '10128429', '', '2264835', '', 8, 0, '0000-00-00', '', '0000-00-00', 1, '0000-00-00 00:00:00', '0000-00-00 00:00:00', '', '', '', '', 6);

-- --------------------------------------------------------

--
-- Table structure for table `am_tracker_error`
--

CREATE TABLE IF NOT EXISTS `am_tracker_error` (
  `tracker_id` int(5) NOT NULL AUTO_INCREMENT,
  `po_line_rev` varchar(100) NOT NULL,
  `po_number` varchar(100) NOT NULL,
  `line` int(11) NOT NULL,
  `vendor` int(10) unsigned NOT NULL,
  `po_date` date NOT NULL,
  `rev` varchar(100) NOT NULL,
  `part_no` varchar(100) NOT NULL,
  `description` varchar(1000) NOT NULL,
  `delivery_date` date NOT NULL,
  `qty` int(5) NOT NULL,
  `uco` varchar(20) NOT NULL,
  `unit_price` float(10,2) NOT NULL,
  `tax` float(10,2) NOT NULL,
  `amount` float(10,2) NOT NULL,
  `order_date` date NOT NULL,
  `created_by` varchar(100) NOT NULL,
  `revision_date` date NOT NULL,
  `revised_by` varchar(100) NOT NULL,
  `project_type` varchar(100) NOT NULL,
  `fa_code` varchar(100) NOT NULL,
  `site_name` varchar(255) NOT NULL,
  `project_no` varchar(100) NOT NULL,
  `supplier_no` varchar(100) NOT NULL,
  `terms` varchar(100) NOT NULL,
  `market` int(10) unsigned NOT NULL,
  `invoice_id` int(10) unsigned NOT NULL,
  `invoiced_date` date NOT NULL,
  `invoiced_month` varchar(100) NOT NULL,
  `payment_date` date NOT NULL,
  `status` tinyint(1) unsigned NOT NULL DEFAULT '1',
  `upload_date` date NOT NULL,
  `last_modified_date` date NOT NULL,
  `customer_name` varchar(100) NOT NULL,
  `file_name` varchar(255) NOT NULL,
  `pdf_name` varchar(1000) NOT NULL,
  `region` int(10) unsigned NOT NULL,
  PRIMARY KEY (`tracker_id`),
  UNIQUE KEY `po_number` (`po_number`,`line`,`vendor`)
) ENGINE=InnoDB  DEFAULT CHARSET=utf8 AUTO_INCREMENT=4 ;

--
-- Dumping data for table `am_tracker_error`
--

INSERT INTO `am_tracker_error` (`tracker_id`, `po_line_rev`, `po_number`, `line`, `vendor`, `po_date`, `rev`, `part_no`, `description`, `delivery_date`, `qty`, `uco`, `unit_price`, `tax`, `amount`, `order_date`, `created_by`, `revision_date`, `revised_by`, `project_type`, `fa_code`, `site_name`, `project_no`, `supplier_no`, `terms`, `market`, `invoice_id`, `invoiced_date`, `invoiced_month`, `payment_date`, `status`, `upload_date`, `last_modified_date`, `customer_name`, `file_name`, `pdf_name`, `region`) VALUES
(1, '1330653', '133065', 3, 1, '2017-03-13', '1', '', ' TS41 - NEA Testing', '0000-00-00', 0, '', 259.00, 0.00, 0.00, '0000-00-00', '', '0000-00-00', '', '', '', '(3429)   MA', '', 'Whitinsville', '', 21, 0, '0000-00-00', '', '0000-00-00', 3, '0000-00-00', '0000-00-00', '', '', '', 10),
(2, '129076.4469.80604', '129076.4469.8060', 4, 6, '2017-02-15', '1', '', ' Rev.1 IN06-T3 INX: Load ATT/MPC Provided Script1 and Integrate* UMTS and LTE/VoLTE* NSB1C ', '0000-00-00', 0, '', 957.00, 0.00, 957.00, '0000-00-00', '', '0000-00-00', '', '', '', '129076', '', 'MRANM013572', '', 19, 0, '0000-00-00', '', '0000-00-00', 1, '0000-00-00', '0000-00-00', '', '', '', 8);

-- --------------------------------------------------------

--
-- Table structure for table `am_upload_log`
--

CREATE TABLE IF NOT EXISTS `am_upload_log` (
  `upload_id` int(10) unsigned NOT NULL AUTO_INCREMENT,
  `create_date` timestamp NOT NULL DEFAULT CURRENT_TIMESTAMP ON UPDATE CURRENT_TIMESTAMP,
  PRIMARY KEY (`upload_id`)
) ENGINE=InnoDB  DEFAULT CHARSET=utf8 AUTO_INCREMENT=6 ;

--
-- Dumping data for table `am_upload_log`
--

INSERT INTO `am_upload_log` (`upload_id`, `create_date`) VALUES
(1, '2017-08-10 20:34:31'),
(2, '2017-08-10 20:49:24'),
(3, '2017-08-10 20:59:56'),
(4, '2017-08-10 21:09:19'),
(5, '2017-08-10 21:12:40');

-- --------------------------------------------------------

--
-- Table structure for table `am_user`
--

CREATE TABLE IF NOT EXISTS `am_user` (
  `user_id` int(10) unsigned NOT NULL AUTO_INCREMENT,
  `user_name` varchar(255) NOT NULL,
  `password` varchar(255) NOT NULL,
  `email` varchar(255) NOT NULL,
  `user_type` tinyint(3) unsigned NOT NULL DEFAULT '2' COMMENT '1->admin, 2->staff',
  `last_login` timestamp NOT NULL DEFAULT CURRENT_TIMESTAMP ON UPDATE CURRENT_TIMESTAMP,
  `last_login_ip` varchar(50) NOT NULL,
  `user_status` tinyint(3) unsigned NOT NULL DEFAULT '1' COMMENT '0->inactive 1->active',
  PRIMARY KEY (`user_id`),
  UNIQUE KEY `email` (`email`)
) ENGINE=InnoDB  DEFAULT CHARSET=utf8 AUTO_INCREMENT=4 ;

--
-- Dumping data for table `am_user`
--

INSERT INTO `am_user` (`user_id`, `user_name`, `password`, `email`, `user_type`, `last_login`, `last_login_ip`, `user_status`) VALUES
(1, 'admin', '123456', 'admin@amdocs.com', 1, '2017-08-14 05:55:40', '122.163.121.66', 1),
(2, 'test staff', '85yscudt79cs', 'test@gmail.com', 2, '2017-08-11 10:56:04', '122.163.121.66', 1),
(3, 'Elyse Sims', 'abcd1234', 'elyse.sims@amdocs.com', 2, '2017-08-11 07:17:13', '122.163.121.66', 1);

-- --------------------------------------------------------

--
-- Table structure for table `am_vendor`
--

CREATE TABLE IF NOT EXISTS `am_vendor` (
  `id` int(10) unsigned NOT NULL AUTO_INCREMENT,
  `name` varchar(255) NOT NULL,
  `address` text NOT NULL,
  `terms` varchar(255) NOT NULL,
  `credit_day` smallint(6) NOT NULL,
  `created_date` timestamp NOT NULL DEFAULT CURRENT_TIMESTAMP,
  PRIMARY KEY (`id`)
) ENGINE=InnoDB  DEFAULT CHARSET=utf8 AUTO_INCREMENT=7 ;

--
-- Dumping data for table `am_vendor`
--

INSERT INTO `am_vendor` (`id`, `name`, `address`, `terms`, `credit_day`, `created_date`) VALUES
(1, 'SAI', '', 'NET60', 60, '2017-06-21 18:30:00'),
(4, 'Velocitel', 'FDH Velocitel\r\n1033 Skokie Blvd., Suite 320,\r\nNorthbrook, IL 60062\r\nTelephone: 224-757-0001\r\nFAX: 224-265-4882', 'Net 45 Days', 45, '2017-07-12 14:15:40'),
(5, 'Mastec', '806 South Douglas Road, Suite 1100\r\nCoral Gables, FL 33134\r\nUnited States', 'NET60', 60, '2017-07-13 10:03:38'),
(6, 'Black & Veatch', 'Overland Contracting Inc.\r\n6800 W 115th STREET\r\nSUITE 2292\r\nOVERLAND PARK, KS 66211\r\nUnited States', 'Net 45 Days', 45, '2017-07-19 10:58:24');

/*!40101 SET CHARACTER_SET_CLIENT=@OLD_CHARACTER_SET_CLIENT */;
/*!40101 SET CHARACTER_SET_RESULTS=@OLD_CHARACTER_SET_RESULTS */;
/*!40101 SET COLLATION_CONNECTION=@OLD_COLLATION_CONNECTION */;
